Using pre-set license
Built from '2022.3/staging' branch; Version is '2022.3.55f1 (9f374180d209) revision 10434369'; Using compiler version '192829333'; Build Type 'Release'
OS: 'Windows 10  (10.0.19045) 64bit Core' Language: 'pt' Physical Memory: 7647 MB
BatchMode: 1, IsHumanControllingUs: 0, StartBugReporterOnCrash: 0, Is64bit: 1, IsPro: 1

COMMAND LINE ARGUMENTS:
C:\Program Files\Unity\Hub\Editor\2022.3.55f1\Editor\Unity.exe
-adb2
-batchMode
-noUpm
-name
AssetImportWorker0
-projectPath
C:/Create Whit Code/CreateWhitCode II/Prototype_5
-logFile
Logs/AssetImportWorker0.log
-srvPort
50609
Successfully changed project path to: C:/Create Whit Code/CreateWhitCode II/Prototype_5
C:/Create Whit Code/CreateWhitCode II/Prototype_5
[UnityMemory] Configuration Parameters - Can be set up in boot.config
    "memorysetup-bucket-allocator-granularity=16"
    "memorysetup-bucket-allocator-bucket-count=8"
    "memorysetup-bucket-allocator-block-size=33554432"
    "memorysetup-bucket-allocator-block-count=8"
    "memorysetup-main-allocator-block-size=16777216"
    "memorysetup-thread-allocator-block-size=16777216"
    "memorysetup-gfx-main-allocator-block-size=16777216"
    "memorysetup-gfx-thread-allocator-block-size=16777216"
    "memorysetup-cache-allocator-block-size=4194304"
    "memorysetup-typetree-allocator-block-size=2097152"
    "memorysetup-profiler-bucket-allocator-granularity=16"
    "memorysetup-profiler-bucket-allocator-bucket-count=8"
    "memorysetup-profiler-bucket-allocator-block-size=33554432"
    "memorysetup-profiler-bucket-allocator-block-count=8"
    "memorysetup-profiler-allocator-block-size=16777216"
    "memorysetup-profiler-editor-allocator-block-size=1048576"
    "memorysetup-temp-allocator-size-main=16777216"
    "memorysetup-job-temp-allocator-block-size=2097152"
    "memorysetup-job-temp-allocator-block-size-background=1048576"
    "memorysetup-job-temp-allocator-reduction-small-platforms=262144"
    "memorysetup-allocator-temp-initial-block-size-main=262144"
    "memorysetup-allocator-temp-initial-block-size-worker=262144"
    "memorysetup-temp-allocator-size-background-worker=32768"
    "memorysetup-temp-allocator-size-job-worker=262144"
    "memorysetup-temp-allocator-size-preload-manager=33554432"
    "memorysetup-temp-allocator-size-nav-mesh-worker=65536"
    "memorysetup-temp-allocator-size-audio-worker=65536"
    "memorysetup-temp-allocator-size-cloud-worker=32768"
    "memorysetup-temp-allocator-size-gi-baking-worker=262144"
    "memorysetup-temp-allocator-size-gfx=262144"
Player connection [12588]  Target information:

Player connection [12588]  * "[IP] 192.168.30.106 [Port] 0 [Flags] 2 [Guid] 1374893322 [EditorId] 1374893322 [Version] 1048832 [Id] WindowsEditor(7,DESKTOP-T2VA2QP) [Debug] 1 [PackageName] WindowsEditor [ProjectName] Editor" 

Player connection [12588] Host joined multi-casting on [225.0.0.222:54997]...
Player connection [12588] Host joined alternative multi-casting on [225.0.0.222:34997]...
[PhysX] Initialized MultithreadedTaskDispatcher with 2 workers.
Refreshing native plugins compatible for Editor in 2211.57 ms, found 3 plugins.
Preloading 0 native plugins for Editor in 0.00 ms.
Initialize engine version: 2022.3.55f1 (9f374180d209)
[Subsystems] Discovering subsystems at path C:/Program Files/Unity/Hub/Editor/2022.3.55f1/Editor/Data/Resources/UnitySubsystems
[Subsystems] Discovering subsystems at path C:/Create Whit Code/CreateWhitCode II/Prototype_5/Assets
GfxDevice: creating device client; threaded=0; jobified=0
Direct3D:
    Version:  Direct3D 11.0 [level 11.1]
    Renderer: AMD Radeon(TM) R5 Graphics (ID=0x98e4)
    Vendor:   ATI
    VRAM:     3823 MB
    Driver:   26.20.12036.8001
Initialize mono
Mono path[0] = 'C:/Program Files/Unity/Hub/Editor/2022.3.55f1/Editor/Data/Managed'
Mono path[1] = 'C:/Program Files/Unity/Hub/Editor/2022.3.55f1/Editor/Data/MonoBleedingEdge/lib/mono/unityjit-win32'
Mono config path = 'C:/Program Files/Unity/Hub/Editor/2022.3.55f1/Editor/Data/MonoBleedingEdge/etc'
Using monoOptions --debugger-agent=transport=dt_socket,embedding=1,server=y,suspend=n,address=127.0.0.1:56956
Begin MonoManager ReloadAssembly
Registering precompiled unity dll's ...
Register platform support module: C:/Program Files/Unity/Hub/Editor/2022.3.55f1/Editor/Data/PlaybackEngines/WebGLSupport/UnityEditor.WebGL.Extensions.dll
Register platform support module: C:/Program Files/Unity/Hub/Editor/2022.3.55f1/Editor/Data/PlaybackEngines/WindowsStandaloneSupport/UnityEditor.WindowsStandalone.Extensions.dll
Registered in 0.315336 seconds.
- Loaded All Assemblies, in 75.161 seconds
Native extension for WindowsStandalone target not found
Native extension for WebGL target not found
Mono: successfully reloaded assembly
- Finished resetting the current domain, in  3.448 seconds
Domain Reload Profiling: 78584ms
	BeginReloadAssembly (68732ms)
		ExecutionOrderSort (0ms)
		DisableScriptedObjects (0ms)
		BackupInstance (0ms)
		ReleaseScriptingObjects (0ms)
		CreateAndSetChildDomain (239ms)
	RebuildCommonClasses (2040ms)
	RebuildNativeTypeToScriptingClass (131ms)
	initialDomainReloadingComplete (1484ms)
	LoadAllAssembliesAndSetupDomain (2741ms)
		LoadAssemblies (67590ms)
		RebuildTransferFunctionScriptingTraits (0ms)
		AnalyzeDomain (2707ms)
			TypeCache.Refresh (2702ms)
				TypeCache.ScanAssembly (2437ms)
			ScanForSourceGeneratedMonoScriptInfo (1ms)
			ResolveRequiredComponents (3ms)
	FinalizeReload (3456ms)
		ReleaseScriptCaches (0ms)
		RebuildScriptCaches (0ms)
		SetupLoadedEditorAssemblies (2701ms)
			LogAssemblyErrors (0ms)
			InitializePlatformSupportModulesInManaged (209ms)
			SetLoadedEditorAssemblies (90ms)
			RefreshPlugins (0ms)
			BeforeProcessingInitializeOnLoad (52ms)
			ProcessInitializeOnLoadAttributes (1700ms)
			ProcessInitializeOnLoadMethodAttributes (649ms)
			AfterProcessingInitializeOnLoad (0ms)
			EditorAssembliesLoaded (1ms)
		ExecutionOrderSort2 (0ms)
		AwakeInstancesAfterBackupRestoration (0ms)
========================================================================
Worker process is ready to serve import requests
Caller must complete domain reload
Begin MonoManager ReloadAssembly
- Loaded All Assemblies, in 34.557 seconds
Native extension for WindowsStandalone target not found
Native extension for WebGL target not found
Mono: successfully reloaded assembly
- Finished resetting the current domain, in  1.875 seconds
Domain Reload Profiling: 36418ms
	BeginReloadAssembly (29204ms)
		ExecutionOrderSort (0ms)
		DisableScriptedObjects (64ms)
		BackupInstance (0ms)
		ReleaseScriptingObjects (0ms)
		CreateAndSetChildDomain (83ms)
	RebuildCommonClasses (475ms)
	RebuildNativeTypeToScriptingClass (757ms)
	initialDomainReloadingComplete (1233ms)
	LoadAllAssembliesAndSetupDomain (2873ms)
		LoadAssemblies (3585ms)
		RebuildTransferFunctionScriptingTraits (0ms)
		AnalyzeDomain (658ms)
			TypeCache.Refresh (599ms)
				TypeCache.ScanAssembly (561ms)
			ScanForSourceGeneratedMonoScriptInfo (42ms)
			ResolveRequiredComponents (13ms)
	FinalizeReload (1876ms)
		ReleaseScriptCaches (0ms)
		RebuildScriptCaches (0ms)
		SetupLoadedEditorAssemblies (1457ms)
			LogAssemblyErrors (0ms)
			InitializePlatformSupportModulesInManaged (24ms)
			SetLoadedEditorAssemblies (12ms)
			RefreshPlugins (0ms)
			BeforeProcessingInitializeOnLoad (244ms)
			ProcessInitializeOnLoadAttributes (1073ms)
			ProcessInitializeOnLoadMethodAttributes (76ms)
			AfterProcessingInitializeOnLoad (26ms)
			EditorAssembliesLoaded (0ms)
		ExecutionOrderSort2 (0ms)
		AwakeInstancesAfterBackupRestoration (19ms)
Launched and connected shader compiler UnityShaderCompiler.exe after 0.15 seconds
Refreshing native plugins compatible for Editor in 14.90 ms, found 3 plugins.
Preloading 0 native plugins for Editor in 0.00 ms.
Unloading 3143 Unused Serialized files (Serialized files now loaded: 0)
Unloading 19 unused Assets / (54.6 KB). Loaded Objects now: 3610.
Memory consumption went from 123.1 MB to 123.0 MB.
Total: 6.889300 ms (FindLiveObjects: 0.451300 ms CreateObjectMapping: 0.260000 ms MarkObjects: 5.923700 ms  DeleteObjects: 0.252200 ms)

AssetImportParameters requested are different than current active one (requested -> active):
  custom:container-demuxer-ogg: 62fdf1f143b41e24485cea50d1cbac27 -> 
  custom:video-decoder-ogg-theora: a1e56fd34408186e4bbccfd4996cb3dc -> 
  custom:framework-win-MediaFoundation: 216162199b28c13a410421893ffa2e32 -> 
  custom:CustomObjectIndexerAttribute: 9a22284fe3817be447336de3de66b15e -> 
  custom:container-demuxer-webm: 4f35f7cbe854078d1ac9338744f61a02 -> 
  custom:container-muxer-webm: aa71ff27fc2769a1b78a27578f13a17b -> 
  custom:video-decoder-webm-vp8: 9c59270c3fd7afecdb556c50c9e8de78 -> 
  custom:SearchIndexIgnoredProperties: e643bd26f0fe6173181afceb89e7c659 -> 
  custom:AudioImporter_EditorPlatform: d09bf68614088b80899f8185d706f6e7 -> 
  custom:video-encoder-webm-vp8: eb34c28f22e8b96e1ab97ce403110664 -> 
  custom:audio-decoder-ogg-vorbis: bf7c407c2cedff20999df2af8eb42d56 -> 
  custom:audio-encoder-webm-vorbis: bf7c407c2cedff20999df2af8eb42d56 -> 
========================================================================
Received Import Request.
  Time since last request: 4308.701507 seconds.
  path: Assets/Prefabs/Good 3.prefab
  artifactKey: Guid(abb33f03c00fc5b44b672a801790aa7c) Importer(2089858483,0ecaa5967403d082aa24f35e1b516d23)
Start importing Assets/Prefabs/Good 3.prefab using Guid(abb33f03c00fc5b44b672a801790aa7c) Importer(2089858483,0ecaa5967403d082aa24f35e1b516d23) [PhysX] Initialized MultithreadedTaskDispatcher with 2 workers.
 -> (artifact id: 'd936cd2576f679403cfb3476dca488a4') in 0.572379 seconds
Number of updated asset objects reloaded before import = 0
Number of asset objects unloaded after import = 16
========================================================================
Received Import Request.
  Time since last request: 0.000075 seconds.
  path: Assets/TextMesh Pro/Resources/LineBreaking Leading Characters.txt
  artifactKey: Guid(d82c1b31c7e74239bff1220585707d2b) Importer(2089858483,0ecaa5967403d082aa24f35e1b516d23)
Start importing Assets/TextMesh Pro/Resources/LineBreaking Leading Characters.txt using Guid(d82c1b31c7e74239bff1220585707d2b) Importer(2089858483,0ecaa5967403d082aa24f35e1b516d23) [PhysX] Initialized MultithreadedTaskDispatcher with 2 workers.
 -> (artifact id: '095a8dff9b9b83146071948334e50c11') in 0.030752 seconds
Number of updated asset objects reloaded before import = 0
Number of asset objects unloaded after import = 1
========================================================================
Received Import Request.
  Time since last request: 0.000064 seconds.
  path: Assets/Course Library/Particles/Explosion_Orange.prefab
  artifactKey: Guid(ec46c8c4a3cbc429382ee48bd9169b45) Importer(2089858483,0ecaa5967403d082aa24f35e1b516d23)
Start importing Assets/Course Library/Particles/Explosion_Orange.prefab using Guid(ec46c8c4a3cbc429382ee48bd9169b45) Importer(2089858483,0ecaa5967403d082aa24f35e1b516d23) [PhysX] Initialized MultithreadedTaskDispatcher with 2 workers.
 -> (artifact id: 'ee66a507775bcb0934d211cfef922ce7') in 0.432057 seconds
Number of updated asset objects reloaded before import = 0
Number of asset objects unloaded after import = 7
========================================================================
Received Import Request.
  Time since last request: 0.000058 seconds.
  path: Assets/Course Library/Textures/PolygonPrototype_Texture_Grid_06.png
  artifactKey: Guid(bbc54c0e722a346408cd09eef6dc0cd6) Importer(2089858483,0ecaa5967403d082aa24f35e1b516d23)
Start importing Assets/Course Library/Textures/PolygonPrototype_Texture_Grid_06.png using Guid(bbc54c0e722a346408cd09eef6dc0cd6) Importer(2089858483,0ecaa5967403d082aa24f35e1b516d23) [PhysX] Initialized MultithreadedTaskDispatcher with 2 workers.
 -> (artifact id: '55e2f300b0601a446f9c0f00c906cb50') in 0.289844 seconds
Number of updated asset objects reloaded before import = 0
Number of asset objects unloaded after import = 1
========================================================================
Received Import Request.
  Time since last request: 0.000683 seconds.
  path: Assets/Course Library/Textures/PolygonPrototype_Texture_Grid_02.png
  artifactKey: Guid(6b38ffdcc39b96042a822bb3f490eefd) Importer(2089858483,0ecaa5967403d082aa24f35e1b516d23)
Start importing Assets/Course Library/Textures/PolygonPrototype_Texture_Grid_02.png using Guid(6b38ffdcc39b96042a822bb3f490eefd) Importer(2089858483,0ecaa5967403d082aa24f35e1b516d23) [PhysX] Initialized MultithreadedTaskDispatcher with 2 workers.
 -> (artifact id: '123b03835516a3e5f78f7a0dd7848503') in 0.691596 seconds
Number of updated asset objects reloaded before import = 0
Number of asset objects unloaded after import = 1
========================================================================
Received Import Request.
  Time since last request: 0.004387 seconds.
  path: Assets/Course Library/Textures/PolygonPrototype_Texture_Grid_01.png
  artifactKey: Guid(2a09470ada0c47849ad79d26363f8e4a) Importer(815301076,1909f56bfc062723c751e8b465ee728b)
Start importing Assets/Course Library/Textures/PolygonPrototype_Texture_Grid_01.png using Guid(2a09470ada0c47849ad79d26363f8e4a) Importer(815301076,1909f56bfc062723c751e8b465ee728b) [PhysX] Initialized MultithreadedTaskDispatcher with 2 workers.
[PhysX] Initialized MultithreadedTaskDispatcher with 2 workers.
 -> (artifact id: '1abff34361f2f61b405ac794060bf42e') in 0.204660 seconds
Number of updated asset objects reloaded before import = 0
Number of asset objects unloaded after import = 2
========================================================================
Received Import Request.
  Time since last request: 0.014079 seconds.
  path: Assets/TextMesh Pro/Shaders/TMPro_Mobile.cginc
  artifactKey: Guid(c334973cef89a9840b0b0c507e0377ab) Importer(2089858483,0ecaa5967403d082aa24f35e1b516d23)
Start importing Assets/TextMesh Pro/Shaders/TMPro_Mobile.cginc using Guid(c334973cef89a9840b0b0c507e0377ab) Importer(2089858483,0ecaa5967403d082aa24f35e1b516d23) [PhysX] Initialized MultithreadedTaskDispatcher with 2 workers.
 -> (artifact id: '7ac5cce8b358546062390b9ce307d5b9') in 0.562819 seconds
Number of updated asset objects reloaded before import = 0
Number of asset objects unloaded after import = 1
========================================================================
Received Import Request.
  Time since last request: 0.007339 seconds.
  path: Assets/Course Library/Fonts/Exo_2/Exo2-ExtraLight.ttf
  artifactKey: Guid(cbc1ad4e29ed647f78246ef482e0257d) Importer(815301076,1909f56bfc062723c751e8b465ee728b)
Start importing Assets/Course Library/Fonts/Exo_2/Exo2-ExtraLight.ttf using Guid(cbc1ad4e29ed647f78246ef482e0257d) Importer(815301076,1909f56bfc062723c751e8b465ee728b) [PhysX] Initialized MultithreadedTaskDispatcher with 2 workers.
[PhysX] Initialized MultithreadedTaskDispatcher with 2 workers.
[PhysX] Initialized MultithreadedTaskDispatcher with 2 workers.
 -> (artifact id: 'c616e97230f179ffa117c50b1b4f9809') in 0.404888 seconds
Number of updated asset objects reloaded before import = 0
Number of asset objects unloaded after import = 4
========================================================================
Received Import Request.
  Time since last request: 0.000925 seconds.
  path: Assets/Course Library/Fonts/Roboto_Condensed/RobotoCondensed-Bold.ttf
  artifactKey: Guid(a8f265cc471154fca8561fd61a959e0c) Importer(815301076,1909f56bfc062723c751e8b465ee728b)
Start importing Assets/Course Library/Fonts/Roboto_Condensed/RobotoCondensed-Bold.ttf using Guid(a8f265cc471154fca8561fd61a959e0c) Importer(815301076,1909f56bfc062723c751e8b465ee728b) [PhysX] Initialized MultithreadedTaskDispatcher with 2 workers.
[PhysX] Initialized MultithreadedTaskDispatcher with 2 workers.
[PhysX] Initialized MultithreadedTaskDispatcher with 2 workers.
 -> (artifact id: '6cb25b2ddaeab6c53cce87dd96cd65ef') in 0.035480 seconds
Number of updated asset objects reloaded before import = 0
Number of asset objects unloaded after import = 4
========================================================================
Received Import Request.
  Time since last request: 0.000572 seconds.
  path: Assets/TextMesh Pro/Sprites/EmojiOne.json
  artifactKey: Guid(8f05276190cf498a8153f6cbe761d4e6) Importer(2089858483,0ecaa5967403d082aa24f35e1b516d23)
Start importing Assets/TextMesh Pro/Sprites/EmojiOne.json using Guid(8f05276190cf498a8153f6cbe761d4e6) Importer(2089858483,0ecaa5967403d082aa24f35e1b516d23) [PhysX] Initialized MultithreadedTaskDispatcher with 2 workers.
 -> (artifact id: '44a3025d0e64ce9c0e4dba8ded378546') in 0.082786 seconds
Number of updated asset objects reloaded before import = 0
Number of asset objects unloaded after import = 1
========================================================================
Received Import Request.
  Time since last request: 0.000059 seconds.
  path: Assets/Scenes/Prototype 5.unity
  artifactKey: Guid(84729eeda748340d0955715b6a50b370) Importer(2089858483,0ecaa5967403d082aa24f35e1b516d23)
Start importing Assets/Scenes/Prototype 5.unity using Guid(84729eeda748340d0955715b6a50b370) Importer(2089858483,0ecaa5967403d082aa24f35e1b516d23) [PhysX] Initialized MultithreadedTaskDispatcher with 2 workers.
 -> (artifact id: 'd24d26ec08165be72233b494890db00e') in 0.056244 seconds
Number of updated asset objects reloaded before import = 0
Number of asset objects unloaded after import = 1
========================================================================
Received Import Request.
  Time since last request: 0.000572 seconds.
  path: Assets/Course Library/Fonts/Roboto_Condensed/RobotoCondensed-Bold.ttf
  artifactKey: Guid(a8f265cc471154fca8561fd61a959e0c) Importer(2089858483,0ecaa5967403d082aa24f35e1b516d23)
Start importing Assets/Course Library/Fonts/Roboto_Condensed/RobotoCondensed-Bold.ttf using Guid(a8f265cc471154fca8561fd61a959e0c) Importer(2089858483,0ecaa5967403d082aa24f35e1b516d23) [PhysX] Initialized MultithreadedTaskDispatcher with 2 workers.
 -> (artifact id: 'b41a2b1e3f627e076f0fd4316660599a') in 0.132522 seconds
Number of updated asset objects reloaded before import = 0
Number of asset objects unloaded after import = 3
========================================================================
Received Import Request.
  Time since last request: 0.000057 seconds.
  path: Assets/Scripts/Target.cs
  artifactKey: Guid(b5aac050b903a624b9feca6daec3b8ff) Importer(2089858483,0ecaa5967403d082aa24f35e1b516d23)
Start importing Assets/Scripts/Target.cs using Guid(b5aac050b903a624b9feca6daec3b8ff) Importer(2089858483,0ecaa5967403d082aa24f35e1b516d23) [PhysX] Initialized MultithreadedTaskDispatcher with 2 workers.
 -> (artifact id: '2278bdb46743986f47b3a4d03a4f5ece') in 0.047765 seconds
Number of updated asset objects reloaded before import = 0
Number of asset objects unloaded after import = 1
========================================================================
Received Import Request.
  Time since last request: 0.000065 seconds.
  path: Assets/TextMesh Pro/Shaders/TMPro.cginc
  artifactKey: Guid(407bc68d299748449bbf7f48ee690f8d) Importer(2089858483,0ecaa5967403d082aa24f35e1b516d23)
Start importing Assets/TextMesh Pro/Shaders/TMPro.cginc using Guid(407bc68d299748449bbf7f48ee690f8d) Importer(2089858483,0ecaa5967403d082aa24f35e1b516d23) [PhysX] Initialized MultithreadedTaskDispatcher with 2 workers.
 -> (artifact id: '5f4bbb25ba6c8edd23bffa883cc66309') in 0.056421 seconds
Number of updated asset objects reloaded before import = 0
Number of asset objects unloaded after import = 1
========================================================================
Received Import Request.
  Time since last request: 0.001673 seconds.
  path: Assets/Course Library/Fonts/Indie_Flower/IndieFlower.ttf
  artifactKey: Guid(1e2dedf0209f94b3a970377b23a013a9) Importer(815301076,1909f56bfc062723c751e8b465ee728b)
Start importing Assets/Course Library/Fonts/Indie_Flower/IndieFlower.ttf using Guid(1e2dedf0209f94b3a970377b23a013a9) Importer(815301076,1909f56bfc062723c751e8b465ee728b) [PhysX] Initialized MultithreadedTaskDispatcher with 2 workers.
[PhysX] Initialized MultithreadedTaskDispatcher with 2 workers.
[PhysX] Initialized MultithreadedTaskDispatcher with 2 workers.
 -> (artifact id: '7c2a2534fbfaf592946c31e1eeceb235') in 0.028488 seconds
Number of updated asset objects reloaded before import = 0
Number of asset objects unloaded after import = 4
========================================================================
Received Import Request.
  Time since last request: 0.000641 seconds.
  path: Assets/Course Library/Fonts/Oswald/Oswald-Regular.ttf
  artifactKey: Guid(4614df9ec815a45a08f109d32722f99f) Importer(815301076,1909f56bfc062723c751e8b465ee728b)
Start importing Assets/Course Library/Fonts/Oswald/Oswald-Regular.ttf using Guid(4614df9ec815a45a08f109d32722f99f) Importer(815301076,1909f56bfc062723c751e8b465ee728b) [PhysX] Initialized MultithreadedTaskDispatcher with 2 workers.
[PhysX] Initialized MultithreadedTaskDispatcher with 2 workers.
[PhysX] Initialized MultithreadedTaskDispatcher with 2 workers.
 -> (artifact id: '822b9d34b8a63ae84bbc30153659f804') in 0.027157 seconds
Number of updated asset objects reloaded before import = 0
Number of asset objects unloaded after import = 4
========================================================================
Received Import Request.
  Time since last request: 0.000044 seconds.
  path: Assets/Course Library/Textures/PolygonPrototype_Texture_Grid_02.png
  artifactKey: Guid(6b38ffdcc39b96042a822bb3f490eefd) Importer(815301076,1909f56bfc062723c751e8b465ee728b)
Start importing Assets/Course Library/Textures/PolygonPrototype_Texture_Grid_02.png using Guid(6b38ffdcc39b96042a822bb3f490eefd) Importer(815301076,1909f56bfc062723c751e8b465ee728b) [PhysX] Initialized MultithreadedTaskDispatcher with 2 workers.
[PhysX] Initialized MultithreadedTaskDispatcher with 2 workers.
 -> (artifact id: 'b6db0ce9386e55847a6b5f00775c4d98') in 0.040545 seconds
Number of updated asset objects reloaded before import = 0
Number of asset objects unloaded after import = 2
========================================================================
Received Import Request.
  Time since last request: 0.000041 seconds.
  path: Assets/Course Library/_Source_Files/Textures/PolygonCity_Texture_Normal.png
  artifactKey: Guid(b993ae890161b184188e417d77e0e1a3) Importer(815301076,1909f56bfc062723c751e8b465ee728b)
Start importing Assets/Course Library/_Source_Files/Textures/PolygonCity_Texture_Normal.png using Guid(b993ae890161b184188e417d77e0e1a3) Importer(815301076,1909f56bfc062723c751e8b465ee728b) [PhysX] Initialized MultithreadedTaskDispatcher with 2 workers.
[PhysX] Initialized MultithreadedTaskDispatcher with 2 workers.
 -> (artifact id: 'ef1e39c6383406e7ea5d092562210228') in 0.133051 seconds
Number of updated asset objects reloaded before import = 0
Number of asset objects unloaded after import = 2
========================================================================
Received Import Request.
  Time since last request: 0.000069 seconds.
  path: Assets/TextMesh Pro/Shaders/TMP_SDF-Mobile Overlay.shader
  artifactKey: Guid(a02a7d8c237544f1962732b55a9aebf1) Importer(2089858483,0ecaa5967403d082aa24f35e1b516d23)
Start importing Assets/TextMesh Pro/Shaders/TMP_SDF-Mobile Overlay.shader using Guid(a02a7d8c237544f1962732b55a9aebf1) Importer(2089858483,0ecaa5967403d082aa24f35e1b516d23) [PhysX] Initialized MultithreadedTaskDispatcher with 2 workers.
 -> (artifact id: 'ef763eaea1a24260a8a805f565ab7704') in 0.496514 seconds
Number of updated asset objects reloaded before import = 0
Number of asset objects unloaded after import = 1
========================================================================
Received Import Request.
  Time since last request: 0.081499 seconds.
  path: Assets/Course Library/Fonts/Roboto_Condensed/RobotoCondensed-Regular SDF.asset
  artifactKey: Guid(98585082d1d5e47f9b207a183c6d083b) Importer(2089858483,0ecaa5967403d082aa24f35e1b516d23)
Start importing Assets/Course Library/Fonts/Roboto_Condensed/RobotoCondensed-Regular SDF.asset using Guid(98585082d1d5e47f9b207a183c6d083b) Importer(2089858483,0ecaa5967403d082aa24f35e1b516d23) [PhysX] Initialized MultithreadedTaskDispatcher with 2 workers.
 -> (artifact id: 'fd0f727c20fc0cf2ac0845bc36f6fa85') in 0.213208 seconds
Number of updated asset objects reloaded before import = 0
Number of asset objects unloaded after import = 3
========================================================================
Received Import Request.
  Time since last request: 0.001434 seconds.
  path: Assets/Course Library/Fonts/Exo_2/Exo2-Light.ttf
  artifactKey: Guid(b26e90a68ded1405f850d9355a62719d) Importer(2089858483,0ecaa5967403d082aa24f35e1b516d23)
Start importing Assets/Course Library/Fonts/Exo_2/Exo2-Light.ttf using Guid(b26e90a68ded1405f850d9355a62719d) Importer(2089858483,0ecaa5967403d082aa24f35e1b516d23) [PhysX] Initialized MultithreadedTaskDispatcher with 2 workers.
 -> (artifact id: 'e96a02e93d30077429dd6dc8eba745c5') in 0.080954 seconds
Number of updated asset objects reloaded before import = 0
Number of asset objects unloaded after import = 3
========================================================================
Received Import Request.
  Time since last request: 0.001446 seconds.
  path: Assets/Course Library/Fonts/Margarine/Margarine-Regular.ttf
  artifactKey: Guid(32de974c3db9e4756969d3fd9309e8e4) Importer(2089858483,0ecaa5967403d082aa24f35e1b516d23)
Start importing Assets/Course Library/Fonts/Margarine/Margarine-Regular.ttf using Guid(32de974c3db9e4756969d3fd9309e8e4) Importer(2089858483,0ecaa5967403d082aa24f35e1b516d23) [PhysX] Initialized MultithreadedTaskDispatcher with 2 workers.
 -> (artifact id: 'dad8b26f55afa19161549b4067389ca2') in 0.197883 seconds
Number of updated asset objects reloaded before import = 0
Number of asset objects unloaded after import = 3
========================================================================
Received Import Request.
  Time since last request: 0.000705 seconds.
  path: Assets/TextMesh Pro/Resources/Fonts & Materials/LiberationSans SDF - Fallback.asset
  artifactKey: Guid(2e498d1c8094910479dc3e1b768306a4) Importer(815301076,1909f56bfc062723c751e8b465ee728b)
Start importing Assets/TextMesh Pro/Resources/Fonts & Materials/LiberationSans SDF - Fallback.asset using Guid(2e498d1c8094910479dc3e1b768306a4) Importer(815301076,1909f56bfc062723c751e8b465ee728b) [PhysX] Initialized MultithreadedTaskDispatcher with 2 workers.
[PhysX] Initialized MultithreadedTaskDispatcher with 2 workers.
[PhysX] Initialized MultithreadedTaskDispatcher with 2 workers.
 -> (artifact id: '6be58d05ccbd8ad4eb5b23d703e5257a') in 0.112927 seconds
Number of updated asset objects reloaded before import = 0
Number of asset objects unloaded after import = 6
========================================================================
Received Import Request.
  Time since last request: 0.000047 seconds.
  path: Assets/Course Library/Fonts/Margarine/Margarine-Regular.ttf
  artifactKey: Guid(32de974c3db9e4756969d3fd9309e8e4) Importer(815301076,1909f56bfc062723c751e8b465ee728b)
Start importing Assets/Course Library/Fonts/Margarine/Margarine-Regular.ttf using Guid(32de974c3db9e4756969d3fd9309e8e4) Importer(815301076,1909f56bfc062723c751e8b465ee728b) [PhysX] Initialized MultithreadedTaskDispatcher with 2 workers.
[PhysX] Initialized MultithreadedTaskDispatcher with 2 workers.
[PhysX] Initialized MultithreadedTaskDispatcher with 2 workers.
 -> (artifact id: '190ce4d6f6424feae13423f9e042e686') in 0.030990 seconds
Number of updated asset objects reloaded before import = 0
Number of asset objects unloaded after import = 4
========================================================================
Received Import Request.
  Time since last request: 0.000592 seconds.
  path: Assets/Course Library/Fonts/Exo_2/Exo2-BlackItalic.ttf
  artifactKey: Guid(68916e4daa1d34344adef559f22fcf2b) Importer(2089858483,0ecaa5967403d082aa24f35e1b516d23)
Start importing Assets/Course Library/Fonts/Exo_2/Exo2-BlackItalic.ttf using Guid(68916e4daa1d34344adef559f22fcf2b) Importer(2089858483,0ecaa5967403d082aa24f35e1b516d23) [PhysX] Initialized MultithreadedTaskDispatcher with 2 workers.
 -> (artifact id: 'f7c9e259b09cd90f07c2dec2c65b84b2') in 0.062420 seconds
Number of updated asset objects reloaded before import = 0
Number of asset objects unloaded after import = 3
========================================================================
Received Import Request.
  Time since last request: 0.000046 seconds.
  path: Assets/Course Library/Particles/Explosion_Black.prefab
  artifactKey: Guid(c7ad2532a6eeb40b59033c75e71fa054) Importer(2089858483,0ecaa5967403d082aa24f35e1b516d23)
Start importing Assets/Course Library/Particles/Explosion_Black.prefab using Guid(c7ad2532a6eeb40b59033c75e71fa054) Importer(2089858483,0ecaa5967403d082aa24f35e1b516d23) [PhysX] Initialized MultithreadedTaskDispatcher with 2 workers.
 -> (artifact id: 'ea8a9caec71bf2a4de030eb8c29a444a') in 0.503980 seconds
Number of updated asset objects reloaded before import = 0
Number of asset objects unloaded after import = 7
========================================================================
Received Import Request.
  Time since last request: 0.000062 seconds.
  path: Assets/Course Library/Fonts/Exo_2/Exo2-Italic.ttf
  artifactKey: Guid(2fe316b95071344fcb82c0a08cbd4e52) Importer(815301076,1909f56bfc062723c751e8b465ee728b)
Start importing Assets/Course Library/Fonts/Exo_2/Exo2-Italic.ttf using Guid(2fe316b95071344fcb82c0a08cbd4e52) Importer(815301076,1909f56bfc062723c751e8b465ee728b) [PhysX] Initialized MultithreadedTaskDispatcher with 2 workers.
[PhysX] Initialized MultithreadedTaskDispatcher with 2 workers.
[PhysX] Initialized MultithreadedTaskDispatcher with 2 workers.
 -> (artifact id: 'f765d4718e3378300d4f73430e086c83') in 0.026913 seconds
Number of updated asset objects reloaded before import = 0
Number of asset objects unloaded after import = 4
========================================================================
Received Import Request.
  Time since last request: 0.000610 seconds.
  path: Assets/TextMesh Pro/Sprites/EmojiOne.png
  artifactKey: Guid(dffef66376be4fa480fb02b19edbe903) Importer(2089858483,0ecaa5967403d082aa24f35e1b516d23)
Start importing Assets/TextMesh Pro/Sprites/EmojiOne.png using Guid(dffef66376be4fa480fb02b19edbe903) Importer(2089858483,0ecaa5967403d082aa24f35e1b516d23) [PhysX] Initialized MultithreadedTaskDispatcher with 2 workers.
 -> (artifact id: 'f5524144c8c486fd7bab6ae607449936') in 0.054061 seconds
Number of updated asset objects reloaded before import = 0
Number of asset objects unloaded after import = 1
========================================================================
Received Import Request.
  Time since last request: 0.000046 seconds.
  path: Assets/TextMesh Pro/Shaders/TMP_Bitmap-Custom-Atlas.shader
  artifactKey: Guid(48bb5f55d8670e349b6e614913f9d910) Importer(2089858483,0ecaa5967403d082aa24f35e1b516d23)
Start importing Assets/TextMesh Pro/Shaders/TMP_Bitmap-Custom-Atlas.shader using Guid(48bb5f55d8670e349b6e614913f9d910) Importer(2089858483,0ecaa5967403d082aa24f35e1b516d23) [PhysX] Initialized MultithreadedTaskDispatcher with 2 workers.
 -> (artifact id: 'c82ad3f87be1a6b53e94a123421f47d1') in 0.057183 seconds
Number of updated asset objects reloaded before import = 0
Number of asset objects unloaded after import = 1
========================================================================
Received Import Request.
  Time since last request: 0.000052 seconds.
  path: Assets/Course Library/Fonts/Oswald/OFL.txt
  artifactKey: Guid(eda5ec41013304dcebcf223544839a3f) Importer(2089858483,0ecaa5967403d082aa24f35e1b516d23)
Start importing Assets/Course Library/Fonts/Oswald/OFL.txt using Guid(eda5ec41013304dcebcf223544839a3f) Importer(2089858483,0ecaa5967403d082aa24f35e1b516d23) [PhysX] Initialized MultithreadedTaskDispatcher with 2 workers.
 -> (artifact id: 'b91cc3f20bceba9c4ec9488c465269bc') in 0.070945 seconds
Number of updated asset objects reloaded before import = 0
Number of asset objects unloaded after import = 1
========================================================================
Received Import Request.
  Time since last request: 0.000050 seconds.
  path: Assets/Course Library/Fonts/Oswald/Oswald-Regular SDF.asset
  artifactKey: Guid(570821af6fea44af1be9861c4a496950) Importer(2089858483,0ecaa5967403d082aa24f35e1b516d23)
Start importing Assets/Course Library/Fonts/Oswald/Oswald-Regular SDF.asset using Guid(570821af6fea44af1be9861c4a496950) Importer(2089858483,0ecaa5967403d082aa24f35e1b516d23) [PhysX] Initialized MultithreadedTaskDispatcher with 2 workers.
 -> (artifact id: '844ec217558c4a4c73e340fbf326b069') in 0.089489 seconds
Number of updated asset objects reloaded before import = 0
Number of asset objects unloaded after import = 3
========================================================================
Received Import Request.
  Time since last request: 0.000064 seconds.
  path: Assets/Course Library/Fonts/Exo_2/Exo2-Medium.ttf
  artifactKey: Guid(2166c536fb3f3437a84ed2e583f883ef) Importer(815301076,1909f56bfc062723c751e8b465ee728b)
Start importing Assets/Course Library/Fonts/Exo_2/Exo2-Medium.ttf using Guid(2166c536fb3f3437a84ed2e583f883ef) Importer(815301076,1909f56bfc062723c751e8b465ee728b) [PhysX] Initialized MultithreadedTaskDispatcher with 2 workers.
[PhysX] Initialized MultithreadedTaskDispatcher with 2 workers.
[PhysX] Initialized MultithreadedTaskDispatcher with 2 workers.
 -> (artifact id: '5d052b453e45a692092de955f44813e0') in 0.025292 seconds
Number of updated asset objects reloaded before import = 0
Number of asset objects unloaded after import = 4
========================================================================
Received Import Request.
  Time since last request: 0.000890 seconds.
  path: Assets/Course Library/Particles/Explosion_Yellow.prefab
  artifactKey: Guid(307229a5540374aae98859caad2128a3) Importer(2089858483,0ecaa5967403d082aa24f35e1b516d23)
Start importing Assets/Course Library/Particles/Explosion_Yellow.prefab using Guid(307229a5540374aae98859caad2128a3) Importer(2089858483,0ecaa5967403d082aa24f35e1b516d23) [PhysX] Initialized MultithreadedTaskDispatcher with 2 workers.
 -> (artifact id: '8afd2b217c019632821c359f6f9e67bc') in 0.991905 seconds
Number of updated asset objects reloaded before import = 0
Number of asset objects unloaded after import = 7
========================================================================
Received Import Request.
  Time since last request: 0.001625 seconds.
  path: Assets/Course Library/Particles/Explosion_Blue.prefab
  artifactKey: Guid(743ce290c74ae49c19aa3f128322fc7e) Importer(2089858483,0ecaa5967403d082aa24f35e1b516d23)
Start importing Assets/Course Library/Particles/Explosion_Blue.prefab using Guid(743ce290c74ae49c19aa3f128322fc7e) Importer(2089858483,0ecaa5967403d082aa24f35e1b516d23) [PhysX] Initialized MultithreadedTaskDispatcher with 2 workers.
 -> (artifact id: '5b0a9c8e23b141defe121a4e5e6584c8') in 0.293378 seconds
Number of updated asset objects reloaded before import = 0
Number of asset objects unloaded after import = 7
========================================================================
Received Import Request.
  Time since last request: 0.000568 seconds.
  path: Assets/Course Library/_Source_Files/Textures/Emissive_01.png
  artifactKey: Guid(ed8c76cfaa7f4f04da86bd288543e61c) Importer(815301076,1909f56bfc062723c751e8b465ee728b)
Start importing Assets/Course Library/_Source_Files/Textures/Emissive_01.png using Guid(ed8c76cfaa7f4f04da86bd288543e61c) Importer(815301076,1909f56bfc062723c751e8b465ee728b) [PhysX] Initialized MultithreadedTaskDispatcher with 2 workers.
[PhysX] Initialized MultithreadedTaskDispatcher with 2 workers.
 -> (artifact id: '9abde9ee12dae772e931ed4cd0795b61') in 0.221464 seconds
Number of updated asset objects reloaded before import = 0
Number of asset objects unloaded after import = 2
========================================================================
Received Import Request.
  Time since last request: 0.000081 seconds.
  path: Assets/Course Library/Fonts/Exo_2/Exo2-MediumItalic.ttf
  artifactKey: Guid(73c5c3792c4ec4d28816461c108c09ab) Importer(815301076,1909f56bfc062723c751e8b465ee728b)
Start importing Assets/Course Library/Fonts/Exo_2/Exo2-MediumItalic.ttf using Guid(73c5c3792c4ec4d28816461c108c09ab) Importer(815301076,1909f56bfc062723c751e8b465ee728b) [PhysX] Initialized MultithreadedTaskDispatcher with 2 workers.
[PhysX] Initialized MultithreadedTaskDispatcher with 2 workers.
[PhysX] Initialized MultithreadedTaskDispatcher with 2 workers.
 -> (artifact id: 'f2baef929164aae16319f6073d9ce082') in 0.042075 seconds
Number of updated asset objects reloaded before import = 0
Number of asset objects unloaded after import = 4
========================================================================
Received Import Request.
  Time since last request: 0.000553 seconds.
  path: Assets/Course Library/Fonts/Exo_2/Exo2-Thin.ttf
  artifactKey: Guid(409f4048a2425400dbf8cf0fb9eb0f24) Importer(2089858483,0ecaa5967403d082aa24f35e1b516d23)
Start importing Assets/Course Library/Fonts/Exo_2/Exo2-Thin.ttf using Guid(409f4048a2425400dbf8cf0fb9eb0f24) Importer(2089858483,0ecaa5967403d082aa24f35e1b516d23) [PhysX] Initialized MultithreadedTaskDispatcher with 2 workers.
 -> (artifact id: 'c97ab91106cc8e3cb5ef39992e9c9c7d') in 0.063980 seconds
Number of updated asset objects reloaded before import = 0
Number of asset objects unloaded after import = 3
========================================================================
Received Import Request.
  Time since last request: 0.000053 seconds.
  path: Assets/Course Library/Fonts/Exo_2/Exo2-SemiBold SDF.asset
  artifactKey: Guid(8887514be60924b0ba1319bd10d63d0f) Importer(2089858483,0ecaa5967403d082aa24f35e1b516d23)
Start importing Assets/Course Library/Fonts/Exo_2/Exo2-SemiBold SDF.asset using Guid(8887514be60924b0ba1319bd10d63d0f) Importer(2089858483,0ecaa5967403d082aa24f35e1b516d23) [PhysX] Initialized MultithreadedTaskDispatcher with 2 workers.
 -> (artifact id: 'c668719e5ab8fe1120079ac217fbe835') in 0.300378 seconds
Number of updated asset objects reloaded before import = 0
Number of asset objects unloaded after import = 3
========================================================================
Received Import Request.
  Time since last request: 0.000049 seconds.
  path: Assets/Course Library/Fonts/Oswald/Oswald-SemiBold.ttf
  artifactKey: Guid(03bf6e71d92a548e1b627146a08ecc0b) Importer(2089858483,0ecaa5967403d082aa24f35e1b516d23)
Start importing Assets/Course Library/Fonts/Oswald/Oswald-SemiBold.ttf using Guid(03bf6e71d92a548e1b627146a08ecc0b) Importer(2089858483,0ecaa5967403d082aa24f35e1b516d23) [PhysX] Initialized MultithreadedTaskDispatcher with 2 workers.
 -> (artifact id: '264d4a3bcd79e93091d88650b1c73ca7') in 0.120605 seconds
Number of updated asset objects reloaded before import = 0
Number of asset objects unloaded after import = 3
========================================================================
Received Import Request.
  Time since last request: 0.000556 seconds.
  path: Assets/Course Library/Fonts/Exo_2/Exo2-BoldItalic.ttf
  artifactKey: Guid(469c60c6a518d45998bad6aef256137b) Importer(815301076,1909f56bfc062723c751e8b465ee728b)
Start importing Assets/Course Library/Fonts/Exo_2/Exo2-BoldItalic.ttf using Guid(469c60c6a518d45998bad6aef256137b) Importer(815301076,1909f56bfc062723c751e8b465ee728b) [PhysX] Initialized MultithreadedTaskDispatcher with 2 workers.
[PhysX] Initialized MultithreadedTaskDispatcher with 2 workers.
[PhysX] Initialized MultithreadedTaskDispatcher with 2 workers.
 -> (artifact id: 'f375c5f2e0179987a8cce9568b76738b') in 0.135313 seconds
Number of updated asset objects reloaded before import = 0
Number of asset objects unloaded after import = 4
========================================================================
Received Import Request.
  Time since last request: 0.000556 seconds.
  path: Assets/Course Library/Particles/Explosion_Grey.prefab
  artifactKey: Guid(ac10190cf200c4f7e881ca8e41d3d760) Importer(2089858483,0ecaa5967403d082aa24f35e1b516d23)
Start importing Assets/Course Library/Particles/Explosion_Grey.prefab using Guid(ac10190cf200c4f7e881ca8e41d3d760) Importer(2089858483,0ecaa5967403d082aa24f35e1b516d23) [PhysX] Initialized MultithreadedTaskDispatcher with 2 workers.
 -> (artifact id: 'acae3e00c8886edaf539ad49f8a31498') in 0.306437 seconds
Number of updated asset objects reloaded before import = 0
Number of asset objects unloaded after import = 7
========================================================================
Received Import Request.
  Time since last request: 0.000062 seconds.
  path: Assets/Course Library/_Source_Files/Textures/PolygonCity_Texture_01_A.png
  artifactKey: Guid(fbde5f73f39181f4d9c7e24c34f0bdf8) Importer(815301076,1909f56bfc062723c751e8b465ee728b)
Start importing Assets/Course Library/_Source_Files/Textures/PolygonCity_Texture_01_A.png using Guid(fbde5f73f39181f4d9c7e24c34f0bdf8) Importer(815301076,1909f56bfc062723c751e8b465ee728b) [PhysX] Initialized MultithreadedTaskDispatcher with 2 workers.
[PhysX] Initialized MultithreadedTaskDispatcher with 2 workers.
 -> (artifact id: 'd570b7516143009f6ce5f8c635b63c98') in 0.070121 seconds
Number of updated asset objects reloaded before import = 0
Number of asset objects unloaded after import = 2
========================================================================
Received Import Request.
  Time since last request: 0.002055 seconds.
  path: Assets/Course Library/Textures/PolygonPrototype_Texture_Grid_01.png
  artifactKey: Guid(2a09470ada0c47849ad79d26363f8e4a) Importer(2089858483,0ecaa5967403d082aa24f35e1b516d23)
Start importing Assets/Course Library/Textures/PolygonPrototype_Texture_Grid_01.png using Guid(2a09470ada0c47849ad79d26363f8e4a) Importer(2089858483,0ecaa5967403d082aa24f35e1b516d23) [PhysX] Initialized MultithreadedTaskDispatcher with 2 workers.
 -> (artifact id: 'd932235fbbc9101201ccf4c68c6b7ebd') in 0.094670 seconds
Number of updated asset objects reloaded before import = 0
Number of asset objects unloaded after import = 1
========================================================================
Received Import Request.
  Time since last request: 0.000055 seconds.
  path: Assets/Course Library/Fonts/Baloo_Chettan/BalooChettan-Regular.ttf
  artifactKey: Guid(1de092811748445db9e4b7597a8204d1) Importer(2089858483,0ecaa5967403d082aa24f35e1b516d23)
Start importing Assets/Course Library/Fonts/Baloo_Chettan/BalooChettan-Regular.ttf using Guid(1de092811748445db9e4b7597a8204d1) Importer(2089858483,0ecaa5967403d082aa24f35e1b516d23) [PhysX] Initialized MultithreadedTaskDispatcher with 2 workers.
 -> (artifact id: 'c65697d87e5d046ad16413bb4c46a35a') in 0.064102 seconds
Number of updated asset objects reloaded before import = 0
Number of asset objects unloaded after import = 3
========================================================================
Received Import Request.
  Time since last request: 0.000044 seconds.
  path: Assets/Course Library/Fonts/Baloo_Chettan/BalooChettan-Regular SDF.asset
  artifactKey: Guid(31706cb8c8e1e4d99bb4d0a39c952ca2) Importer(2089858483,0ecaa5967403d082aa24f35e1b516d23)
Start importing Assets/Course Library/Fonts/Baloo_Chettan/BalooChettan-Regular SDF.asset using Guid(31706cb8c8e1e4d99bb4d0a39c952ca2) Importer(2089858483,0ecaa5967403d082aa24f35e1b516d23) [PhysX] Initialized MultithreadedTaskDispatcher with 2 workers.
 -> (artifact id: '4d7a188076a933ed6cffead3f5a80a35') in 0.112991 seconds
Number of updated asset objects reloaded before import = 0
Number of asset objects unloaded after import = 3
========================================================================
Received Import Request.
  Time since last request: 0.000686 seconds.
  path: Assets/Course Library/Fonts/Exo_2/Exo2-BoldItalic.ttf
  artifactKey: Guid(469c60c6a518d45998bad6aef256137b) Importer(2089858483,0ecaa5967403d082aa24f35e1b516d23)
Start importing Assets/Course Library/Fonts/Exo_2/Exo2-BoldItalic.ttf using Guid(469c60c6a518d45998bad6aef256137b) Importer(2089858483,0ecaa5967403d082aa24f35e1b516d23) [PhysX] Initialized MultithreadedTaskDispatcher with 2 workers.
 -> (artifact id: '7565f89c7d1b7032081ef10da06f7bc2') in 0.146375 seconds
Number of updated asset objects reloaded before import = 0
Number of asset objects unloaded after import = 3
========================================================================
Received Import Request.
  Time since last request: 0.000753 seconds.
  path: Assets/Course Library/Fonts/Margarine/Margarine-Regular SDF.asset
  artifactKey: Guid(ff9dfb9dcfa9b451da0749c3d2b449a9) Importer(2089858483,0ecaa5967403d082aa24f35e1b516d23)
Start importing Assets/Course Library/Fonts/Margarine/Margarine-Regular SDF.asset using Guid(ff9dfb9dcfa9b451da0749c3d2b449a9) Importer(2089858483,0ecaa5967403d082aa24f35e1b516d23) [PhysX] Initialized MultithreadedTaskDispatcher with 2 workers.
 -> (artifact id: '9fea908b086314fd7dab765cefa42c98') in 0.135872 seconds
Number of updated asset objects reloaded before import = 0
Number of asset objects unloaded after import = 3
========================================================================
Received Import Request.
  Time since last request: 0.000614 seconds.
  path: Assets/Course Library/Textures/PolygonPrototype_Texture_Grid_07.png
  artifactKey: Guid(7789f4efbb0f45c4780925243375a18e) Importer(2089858483,0ecaa5967403d082aa24f35e1b516d23)
Start importing Assets/Course Library/Textures/PolygonPrototype_Texture_Grid_07.png using Guid(7789f4efbb0f45c4780925243375a18e) Importer(2089858483,0ecaa5967403d082aa24f35e1b516d23) [PhysX] Initialized MultithreadedTaskDispatcher with 2 workers.
 -> (artifact id: 'e223102b2aeb50c0a437c2d099880e9d') in 0.162568 seconds
Number of updated asset objects reloaded before import = 0
Number of asset objects unloaded after import = 1
========================================================================
Received Import Request.
  Time since last request: 0.000044 seconds.
  path: Assets/Course Library/Textures/PolygonPrototype_Texture_Grid_05.png
  artifactKey: Guid(8634f8cf5ba74134c972fb2d36355077) Importer(2089858483,0ecaa5967403d082aa24f35e1b516d23)
Start importing Assets/Course Library/Textures/PolygonPrototype_Texture_Grid_05.png using Guid(8634f8cf5ba74134c972fb2d36355077) Importer(2089858483,0ecaa5967403d082aa24f35e1b516d23) [PhysX] Initialized MultithreadedTaskDispatcher with 2 workers.
 -> (artifact id: '1bd51f2ab8ec596e2074024448075355') in 0.070610 seconds
Number of updated asset objects reloaded before import = 0
Number of asset objects unloaded after import = 1
========================================================================
Received Import Request.
  Time since last request: 0.000049 seconds.
  path: Assets/Course Library/Fonts/Exo_2/Exo2-SemiBoldItalic.ttf
  artifactKey: Guid(c40fa27c60b3c426f8eac511b6401ab2) Importer(815301076,1909f56bfc062723c751e8b465ee728b)
Start importing Assets/Course Library/Fonts/Exo_2/Exo2-SemiBoldItalic.ttf using Guid(c40fa27c60b3c426f8eac511b6401ab2) Importer(815301076,1909f56bfc062723c751e8b465ee728b) [PhysX] Initialized MultithreadedTaskDispatcher with 2 workers.
[PhysX] Initialized MultithreadedTaskDispatcher with 2 workers.
[PhysX] Initialized MultithreadedTaskDispatcher with 2 workers.
 -> (artifact id: '3d89da3ae806c43277c867bbcfc7c99c') in 0.035195 seconds
Number of updated asset objects reloaded before import = 0
Number of asset objects unloaded after import = 4
========================================================================
Received Import Request.
  Time since last request: 0.001135 seconds.
  path: Assets/Course Library/Fonts/Baloo_Chettan/BalooChettan-Regular.ttf
  artifactKey: Guid(1de092811748445db9e4b7597a8204d1) Importer(815301076,1909f56bfc062723c751e8b465ee728b)
Start importing Assets/Course Library/Fonts/Baloo_Chettan/BalooChettan-Regular.ttf using Guid(1de092811748445db9e4b7597a8204d1) Importer(815301076,1909f56bfc062723c751e8b465ee728b) [PhysX] Initialized MultithreadedTaskDispatcher with 2 workers.
[PhysX] Initialized MultithreadedTaskDispatcher with 2 workers.
[PhysX] Initialized MultithreadedTaskDispatcher with 2 workers.
 -> (artifact id: '5bace3d09547f35ea3e8108a4878833f') in 0.062970 seconds
Number of updated asset objects reloaded before import = 0
Number of asset objects unloaded after import = 4
========================================================================
Received Import Request.
  Time since last request: 0.000521 seconds.
  path: Assets/Course Library/Materials/Grid_Texture.mat
  artifactKey: Guid(587ce71a1013945a88f4712db43be069) Importer(2089858483,0ecaa5967403d082aa24f35e1b516d23)
Start importing Assets/Course Library/Materials/Grid_Texture.mat using Guid(587ce71a1013945a88f4712db43be069) Importer(2089858483,0ecaa5967403d082aa24f35e1b516d23) [PhysX] Initialized MultithreadedTaskDispatcher with 2 workers.
 -> (artifact id: 'a55ba6b614db6eb57f2e298ae634d5d2') in 0.104599 seconds
Number of updated asset objects reloaded before import = 0
Number of asset objects unloaded after import = 2
========================================================================
Received Import Request.
  Time since last request: 0.004770 seconds.
  path: Assets/Course Library/Fonts/Exo_2/Exo2-Regular.ttf
  artifactKey: Guid(3a70ad0bbaee8473c80840c8766769c1) Importer(815301076,1909f56bfc062723c751e8b465ee728b)
Start importing Assets/Course Library/Fonts/Exo_2/Exo2-Regular.ttf using Guid(3a70ad0bbaee8473c80840c8766769c1) Importer(815301076,1909f56bfc062723c751e8b465ee728b) [PhysX] Initialized MultithreadedTaskDispatcher with 2 workers.
[PhysX] Initialized MultithreadedTaskDispatcher with 2 workers.
[PhysX] Initialized MultithreadedTaskDispatcher with 2 workers.
 -> (artifact id: '062260f2709476a1986cab48912780fa') in 0.054391 seconds
Number of updated asset objects reloaded before import = 0
Number of asset objects unloaded after import = 4
========================================================================
Received Import Request.
  Time since last request: 0.000596 seconds.
  path: Assets/TextMesh Pro/Documentation/TextMesh Pro User Guide 2016.pdf
  artifactKey: Guid(1b8d251f9af63b746bf2f7ffe00ebb9b) Importer(2089858483,0ecaa5967403d082aa24f35e1b516d23)
Start importing Assets/TextMesh Pro/Documentation/TextMesh Pro User Guide 2016.pdf using Guid(1b8d251f9af63b746bf2f7ffe00ebb9b) Importer(2089858483,0ecaa5967403d082aa24f35e1b516d23) [PhysX] Initialized MultithreadedTaskDispatcher with 2 workers.
 -> (artifact id: '6512e87792aeb1d4b96ccd27cfa4b9e5') in 0.059864 seconds
Number of updated asset objects reloaded before import = 0
Number of asset objects unloaded after import = 1
========================================================================
Received Import Request.
  Time since last request: 0.001149 seconds.
  path: Assets/Course Library/Fonts/Exo_2/Exo2-Regular.ttf
  artifactKey: Guid(3a70ad0bbaee8473c80840c8766769c1) Importer(2089858483,0ecaa5967403d082aa24f35e1b516d23)
Start importing Assets/Course Library/Fonts/Exo_2/Exo2-Regular.ttf using Guid(3a70ad0bbaee8473c80840c8766769c1) Importer(2089858483,0ecaa5967403d082aa24f35e1b516d23) [PhysX] Initialized MultithreadedTaskDispatcher with 2 workers.
 -> (artifact id: '0e3ae79dfefa1373d1d2ca61f7e29223') in 0.051133 seconds
Number of updated asset objects reloaded before import = 0
Number of asset objects unloaded after import = 3
========================================================================
Received Import Request.
  Time since last request: 0.000045 seconds.
  path: Assets/Course Library/Fonts/Exo_2/Exo2-ThinItalic.ttf
  artifactKey: Guid(f5855be7b6497471792c0381959d03b4) Importer(815301076,1909f56bfc062723c751e8b465ee728b)
Start importing Assets/Course Library/Fonts/Exo_2/Exo2-ThinItalic.ttf using Guid(f5855be7b6497471792c0381959d03b4) Importer(815301076,1909f56bfc062723c751e8b465ee728b) [PhysX] Initialized MultithreadedTaskDispatcher with 2 workers.
[PhysX] Initialized MultithreadedTaskDispatcher with 2 workers.
[PhysX] Initialized MultithreadedTaskDispatcher with 2 workers.
 -> (artifact id: '06bde6ee8507e357c42d5aa5269e2a3a') in 0.047489 seconds
Number of updated asset objects reloaded before import = 0
Number of asset objects unloaded after import = 4
========================================================================
Received Import Request.
  Time since last request: 0.000576 seconds.
  path: Assets/Course Library/Fonts/Roboto_Condensed/RobotoCondensed-Regular.ttf
  artifactKey: Guid(e2121349a490b4d31ac3da78eac2ad83) Importer(815301076,1909f56bfc062723c751e8b465ee728b)
Start importing Assets/Course Library/Fonts/Roboto_Condensed/RobotoCondensed-Regular.ttf using Guid(e2121349a490b4d31ac3da78eac2ad83) Importer(815301076,1909f56bfc062723c751e8b465ee728b) [PhysX] Initialized MultithreadedTaskDispatcher with 2 workers.
[PhysX] Initialized MultithreadedTaskDispatcher with 2 workers.
[PhysX] Initialized MultithreadedTaskDispatcher with 2 workers.
 -> (artifact id: '5bbec853993c32fa7ac9a6290e80deee') in 0.040875 seconds
Number of updated asset objects reloaded before import = 0
Number of asset objects unloaded after import = 4
========================================================================
Received Import Request.
  Time since last request: 0.000048 seconds.
  path: Assets/Course Library/Fonts/Oswald/Oswald-Light.ttf
  artifactKey: Guid(08117285b45064d9facc7101603b931e) Importer(2089858483,0ecaa5967403d082aa24f35e1b516d23)
Start importing Assets/Course Library/Fonts/Oswald/Oswald-Light.ttf using Guid(08117285b45064d9facc7101603b931e) Importer(2089858483,0ecaa5967403d082aa24f35e1b516d23) [PhysX] Initialized MultithreadedTaskDispatcher with 2 workers.
 -> (artifact id: '26b4bb74a2a22de2c08e3686cf074914') in 0.054629 seconds
Number of updated asset objects reloaded before import = 0
Number of asset objects unloaded after import = 3
========================================================================
Received Import Request.
  Time since last request: 0.000581 seconds.
  path: Assets/Course Library/Fonts/Oswald/Oswald-SemiBold.ttf
  artifactKey: Guid(03bf6e71d92a548e1b627146a08ecc0b) Importer(815301076,1909f56bfc062723c751e8b465ee728b)
Start importing Assets/Course Library/Fonts/Oswald/Oswald-SemiBold.ttf using Guid(03bf6e71d92a548e1b627146a08ecc0b) Importer(815301076,1909f56bfc062723c751e8b465ee728b) [PhysX] Initialized MultithreadedTaskDispatcher with 2 workers.
[PhysX] Initialized MultithreadedTaskDispatcher with 2 workers.
[PhysX] Initialized MultithreadedTaskDispatcher with 2 workers.
 -> (artifact id: 'f3120ed1c60dbe60e2af819fc49a9252') in 0.040763 seconds
Number of updated asset objects reloaded before import = 0
Number of asset objects unloaded after import = 4
========================================================================
Received Import Request.
  Time since last request: 0.000043 seconds.
  path: Assets/Prefabs/Good 2.prefab
  artifactKey: Guid(d624c131bcebfdc4fb03b0f002a44d38) Importer(2089858483,0ecaa5967403d082aa24f35e1b516d23)
Start importing Assets/Prefabs/Good 2.prefab using Guid(d624c131bcebfdc4fb03b0f002a44d38) Importer(2089858483,0ecaa5967403d082aa24f35e1b516d23) [PhysX] Initialized MultithreadedTaskDispatcher with 2 workers.
 -> (artifact id: 'ec5d409e9db6b60f9e4ba91b82cfd776') in 0.072089 seconds
Number of updated asset objects reloaded before import = 0
Number of asset objects unloaded after import = 16
========================================================================
Received Import Request.
  Time since last request: 0.000586 seconds.
  path: Assets/Course Library/Particles/Explosion_Red.prefab
  artifactKey: Guid(745208c9d6e104225bd99e1ab894e3bb) Importer(2089858483,0ecaa5967403d082aa24f35e1b516d23)
Start importing Assets/Course Library/Particles/Explosion_Red.prefab using Guid(745208c9d6e104225bd99e1ab894e3bb) Importer(2089858483,0ecaa5967403d082aa24f35e1b516d23) [PhysX] Initialized MultithreadedTaskDispatcher with 2 workers.
 -> (artifact id: '89f741c2bf89490abf4df517f10ab062') in 0.122726 seconds
Number of updated asset objects reloaded before import = 0
Number of asset objects unloaded after import = 7
========================================================================
Received Import Request.
  Time since last request: 0.000047 seconds.
  path: Assets/TextMesh Pro/Shaders/TMP_Sprite.shader
  artifactKey: Guid(cf81c85f95fe47e1a27f6ae460cf182c) Importer(2089858483,0ecaa5967403d082aa24f35e1b516d23)
Start importing Assets/TextMesh Pro/Shaders/TMP_Sprite.shader using Guid(cf81c85f95fe47e1a27f6ae460cf182c) Importer(2089858483,0ecaa5967403d082aa24f35e1b516d23) [PhysX] Initialized MultithreadedTaskDispatcher with 2 workers.
 -> (artifact id: '199c04513a356f2161e9d661d9c84284') in 0.048418 seconds
Number of updated asset objects reloaded before import = 0
Number of asset objects unloaded after import = 1
========================================================================
Received Import Request.
  Time since last request: 0.000072 seconds.
  path: Assets/Course Library/Fonts/Exo_2/Exo2-Thin.ttf
  artifactKey: Guid(409f4048a2425400dbf8cf0fb9eb0f24) Importer(815301076,1909f56bfc062723c751e8b465ee728b)
Start importing Assets/Course Library/Fonts/Exo_2/Exo2-Thin.ttf using Guid(409f4048a2425400dbf8cf0fb9eb0f24) Importer(815301076,1909f56bfc062723c751e8b465ee728b) [PhysX] Initialized MultithreadedTaskDispatcher with 2 workers.
[PhysX] Initialized MultithreadedTaskDispatcher with 2 workers.
[PhysX] Initialized MultithreadedTaskDispatcher with 2 workers.
 -> (artifact id: 'e7c5ff0166dfd639460ce8dd76af21f1') in 0.041119 seconds
Number of updated asset objects reloaded before import = 0
Number of asset objects unloaded after import = 4
========================================================================
Received Import Request.
  Time since last request: 0.000576 seconds.
  path: Assets/TextMesh Pro/Sprites/EmojiOne Attribution.txt
  artifactKey: Guid(381dcb09d5029d14897e55f98031fca5) Importer(2089858483,0ecaa5967403d082aa24f35e1b516d23)
Start importing Assets/TextMesh Pro/Sprites/EmojiOne Attribution.txt using Guid(381dcb09d5029d14897e55f98031fca5) Importer(2089858483,0ecaa5967403d082aa24f35e1b516d23) [PhysX] Initialized MultithreadedTaskDispatcher with 2 workers.
 -> (artifact id: '779a1a33b3e485a41d81b1033dd9aa81') in 0.090223 seconds
Number of updated asset objects reloaded before import = 0
Number of asset objects unloaded after import = 1
========================================================================
Received Import Request.
  Time since last request: 0.000833 seconds.
  path: Assets/Course Library/Fonts/Roboto_Condensed/RobotoCondensed-Italic.ttf
  artifactKey: Guid(b82e4b5c85b0a4393aa73a4402059046) Importer(815301076,1909f56bfc062723c751e8b465ee728b)
Start importing Assets/Course Library/Fonts/Roboto_Condensed/RobotoCondensed-Italic.ttf using Guid(b82e4b5c85b0a4393aa73a4402059046) Importer(815301076,1909f56bfc062723c751e8b465ee728b) [PhysX] Initialized MultithreadedTaskDispatcher with 2 workers.
[PhysX] Initialized MultithreadedTaskDispatcher with 2 workers.
[PhysX] Initialized MultithreadedTaskDispatcher with 2 workers.
 -> (artifact id: '4067f10f1620200ddc4f99e276d80946') in 0.035756 seconds
Number of updated asset objects reloaded before import = 0
Number of asset objects unloaded after import = 4
========================================================================
Received Import Request.
  Time since last request: 0.000576 seconds.
  path: Assets/Course Library/Fonts/Roboto_Condensed/RobotoCondensed-Italic.ttf
  artifactKey: Guid(b82e4b5c85b0a4393aa73a4402059046) Importer(2089858483,0ecaa5967403d082aa24f35e1b516d23)
Start importing Assets/Course Library/Fonts/Roboto_Condensed/RobotoCondensed-Italic.ttf using Guid(b82e4b5c85b0a4393aa73a4402059046) Importer(2089858483,0ecaa5967403d082aa24f35e1b516d23) [PhysX] Initialized MultithreadedTaskDispatcher with 2 workers.
 -> (artifact id: '6c0ea6cd52fba376cf7a0108ede910bd') in 0.065646 seconds
Number of updated asset objects reloaded before import = 0
Number of asset objects unloaded after import = 3
========================================================================
Received Import Request.
  Time since last request: 0.000049 seconds.
  path: Assets/Course Library/Fonts/Oswald/Oswald-Regular.ttf
  artifactKey: Guid(4614df9ec815a45a08f109d32722f99f) Importer(2089858483,0ecaa5967403d082aa24f35e1b516d23)
Start importing Assets/Course Library/Fonts/Oswald/Oswald-Regular.ttf using Guid(4614df9ec815a45a08f109d32722f99f) Importer(2089858483,0ecaa5967403d082aa24f35e1b516d23) [PhysX] Initialized MultithreadedTaskDispatcher with 2 workers.
 -> (artifact id: '32abbd478b48a8815bed4862fb50e79a') in 0.052411 seconds
Number of updated asset objects reloaded before import = 0
Number of asset objects unloaded after import = 3
========================================================================
Received Import Request.
  Time since last request: 0.000186 seconds.
  path: Assets/TextMesh Pro/Shaders/TMP_SDF-Mobile Masking.shader
  artifactKey: Guid(bc1ede39bf3643ee8e493720e4259791) Importer(2089858483,0ecaa5967403d082aa24f35e1b516d23)
Start importing Assets/TextMesh Pro/Shaders/TMP_SDF-Mobile Masking.shader using Guid(bc1ede39bf3643ee8e493720e4259791) Importer(2089858483,0ecaa5967403d082aa24f35e1b516d23) [PhysX] Initialized MultithreadedTaskDispatcher with 2 workers.
 -> (artifact id: '56303663ec7e9b89050e99d7864888cc') in 0.040906 seconds
Number of updated asset objects reloaded before import = 0
Number of asset objects unloaded after import = 1
========================================================================
Received Import Request.
  Time since last request: 0.000079 seconds.
  path: Assets/Course Library/_Source_Files/Textures/PolygonCity_Texture_Metallic.tga
  artifactKey: Guid(2da74f2130b2ca74faacbcaaa83c5a44) Importer(815301076,1909f56bfc062723c751e8b465ee728b)
Start importing Assets/Course Library/_Source_Files/Textures/PolygonCity_Texture_Metallic.tga using Guid(2da74f2130b2ca74faacbcaaa83c5a44) Importer(815301076,1909f56bfc062723c751e8b465ee728b) [PhysX] Initialized MultithreadedTaskDispatcher with 2 workers.
[PhysX] Initialized MultithreadedTaskDispatcher with 2 workers.
 -> (artifact id: '2802d77f085b05ef027eb061a4170516') in 0.062275 seconds
Number of updated asset objects reloaded before import = 0
Number of asset objects unloaded after import = 2
========================================================================
Received Import Request.
  Time since last request: 0.000040 seconds.
  path: Assets/Course Library/Fonts/Exo_2/Exo2-ExtraBoldItalic.ttf
  artifactKey: Guid(ad3f5403e751f4b52afb38e1ac599222) Importer(2089858483,0ecaa5967403d082aa24f35e1b516d23)
Start importing Assets/Course Library/Fonts/Exo_2/Exo2-ExtraBoldItalic.ttf using Guid(ad3f5403e751f4b52afb38e1ac599222) Importer(2089858483,0ecaa5967403d082aa24f35e1b516d23) [PhysX] Initialized MultithreadedTaskDispatcher with 2 workers.
 -> (artifact id: '79730f2b795836da08a1edba2d36ed3b') in 0.051230 seconds
Number of updated asset objects reloaded before import = 0
Number of asset objects unloaded after import = 3
========================================================================
Received Import Request.
  Time since last request: 0.000040 seconds.
  path: Assets/TextMesh Pro/Shaders/TMPro_Surface.cginc
  artifactKey: Guid(d930090c0cd643c7b55f19a38538c162) Importer(2089858483,0ecaa5967403d082aa24f35e1b516d23)
Start importing Assets/TextMesh Pro/Shaders/TMPro_Surface.cginc using Guid(d930090c0cd643c7b55f19a38538c162) Importer(2089858483,0ecaa5967403d082aa24f35e1b516d23) [PhysX] Initialized MultithreadedTaskDispatcher with 2 workers.
 -> (artifact id: '82cb450726096320fed2aa4a3494baf7') in 0.054752 seconds
Number of updated asset objects reloaded before import = 0
Number of asset objects unloaded after import = 1
========================================================================
Received Import Request.
  Time since last request: 0.000161 seconds.
  path: Assets/Course Library/Fonts/Exo_2/Exo2-Bold.ttf
  artifactKey: Guid(adcd00801f52c472c9b3615a7750a527) Importer(815301076,1909f56bfc062723c751e8b465ee728b)
Start importing Assets/Course Library/Fonts/Exo_2/Exo2-Bold.ttf using Guid(adcd00801f52c472c9b3615a7750a527) Importer(815301076,1909f56bfc062723c751e8b465ee728b) [PhysX] Initialized MultithreadedTaskDispatcher with 2 workers.
[PhysX] Initialized MultithreadedTaskDispatcher with 2 workers.
[PhysX] Initialized MultithreadedTaskDispatcher with 2 workers.
 -> (artifact id: '1bc9f2a05c8ef65956bddfc38d860c4c') in 0.025456 seconds
Number of updated asset objects reloaded before import = 0
Number of asset objects unloaded after import = 4
========================================================================
Received Import Request.
  Time since last request: 0.000748 seconds.
  path: Assets/TextMesh Pro/Fonts/LiberationSans.ttf
  artifactKey: Guid(e3265ab4bf004d28a9537516768c1c75) Importer(2089858483,0ecaa5967403d082aa24f35e1b516d23)
Start importing Assets/TextMesh Pro/Fonts/LiberationSans.ttf using Guid(e3265ab4bf004d28a9537516768c1c75) Importer(2089858483,0ecaa5967403d082aa24f35e1b516d23) [PhysX] Initialized MultithreadedTaskDispatcher with 2 workers.
 -> (artifact id: 'c16d17cd677d4c7ff0829bb115bba087') in 0.042953 seconds
Number of updated asset objects reloaded before import = 0
Number of asset objects unloaded after import = 3
========================================================================
Received Import Request.
  Time since last request: 0.000040 seconds.
  path: Assets/TextMesh Pro/Shaders/TMP_Bitmap.shader
  artifactKey: Guid(128e987d567d4e2c824d754223b3f3b0) Importer(2089858483,0ecaa5967403d082aa24f35e1b516d23)
Start importing Assets/TextMesh Pro/Shaders/TMP_Bitmap.shader using Guid(128e987d567d4e2c824d754223b3f3b0) Importer(2089858483,0ecaa5967403d082aa24f35e1b516d23) [PhysX] Initialized MultithreadedTaskDispatcher with 2 workers.
 -> (artifact id: '9a94dec951e74348eb3a12d9951149ec') in 0.042147 seconds
Number of updated asset objects reloaded before import = 0
Number of asset objects unloaded after import = 1
========================================================================
Received Import Request.
  Time since last request: 0.000047 seconds.
  path: Assets/Course Library/Textures/PolygonPrototype_Texture_Grid_04.png
  artifactKey: Guid(c7c5239ae4b2ace4d8774918a50a940a) Importer(2089858483,0ecaa5967403d082aa24f35e1b516d23)
Start importing Assets/Course Library/Textures/PolygonPrototype_Texture_Grid_04.png using Guid(c7c5239ae4b2ace4d8774918a50a940a) Importer(2089858483,0ecaa5967403d082aa24f35e1b516d23) [PhysX] Initialized MultithreadedTaskDispatcher with 2 workers.
 -> (artifact id: '6abf39b6785c660ca16ca809e7838cd2') in 0.062442 seconds
Number of updated asset objects reloaded before import = 0
Number of asset objects unloaded after import = 1
========================================================================
Received Import Request.
  Time since last request: 0.000043 seconds.
  path: Assets/Course Library/Fonts/Exo_2/Exo2-Black.ttf
  artifactKey: Guid(90adcf7050c104cb0aa8fd30a2e49191) Importer(2089858483,0ecaa5967403d082aa24f35e1b516d23)
Start importing Assets/Course Library/Fonts/Exo_2/Exo2-Black.ttf using Guid(90adcf7050c104cb0aa8fd30a2e49191) Importer(2089858483,0ecaa5967403d082aa24f35e1b516d23) [PhysX] Initialized MultithreadedTaskDispatcher with 2 workers.
 -> (artifact id: '71a0b12c58b4447bdef8fa06fce908c8') in 0.122285 seconds
Number of updated asset objects reloaded before import = 0
Number of asset objects unloaded after import = 3
========================================================================
Received Import Request.
  Time since last request: 0.000662 seconds.
  path: Assets/Course Library/Fonts/Exo_2/Exo2-SemiBold.ttf
  artifactKey: Guid(07a4ab9300a394dcc9813a7907f1edba) Importer(2089858483,0ecaa5967403d082aa24f35e1b516d23)
Start importing Assets/Course Library/Fonts/Exo_2/Exo2-SemiBold.ttf using Guid(07a4ab9300a394dcc9813a7907f1edba) Importer(2089858483,0ecaa5967403d082aa24f35e1b516d23) [PhysX] Initialized MultithreadedTaskDispatcher with 2 workers.
 -> (artifact id: '5dde1046abd61d36d25df41a4abbffaf') in 0.093629 seconds
Number of updated asset objects reloaded before import = 0
Number of asset objects unloaded after import = 3
========================================================================
Received Import Request.
  Time since last request: 0.002367 seconds.
  path: Assets/Course Library/Fonts/Indie_Flower/OFL.txt
  artifactKey: Guid(6900278b2a267473895330b128e55fb0) Importer(2089858483,0ecaa5967403d082aa24f35e1b516d23)
Start importing Assets/Course Library/Fonts/Indie_Flower/OFL.txt using Guid(6900278b2a267473895330b128e55fb0) Importer(2089858483,0ecaa5967403d082aa24f35e1b516d23) [PhysX] Initialized MultithreadedTaskDispatcher with 2 workers.
 -> (artifact id: '003b80e98a1bf784481097585499e5b0') in 0.123631 seconds
Number of updated asset objects reloaded before import = 0
Number of asset objects unloaded after import = 1
========================================================================
Received Import Request.
  Time since last request: 0.000049 seconds.
  path: Assets/TextMesh Pro/Shaders/TMP_SDF Overlay.shader
  artifactKey: Guid(dd89cf5b9246416f84610a006f916af7) Importer(2089858483,0ecaa5967403d082aa24f35e1b516d23)
Start importing Assets/TextMesh Pro/Shaders/TMP_SDF Overlay.shader using Guid(dd89cf5b9246416f84610a006f916af7) Importer(2089858483,0ecaa5967403d082aa24f35e1b516d23) [PhysX] Initialized MultithreadedTaskDispatcher with 2 workers.
 -> (artifact id: 'e56dc262704ac0375323af681ff3a7a3') in 0.070592 seconds
Number of updated asset objects reloaded before import = 0
Number of asset objects unloaded after import = 1
========================================================================
Received Import Request.
  Time since last request: 0.001478 seconds.
  path: Assets/Course Library/Fonts/Exo_2/Exo2-ExtraLightItalic.ttf
  artifactKey: Guid(9e358774b8511446d90a622491036bf9) Importer(815301076,1909f56bfc062723c751e8b465ee728b)
Start importing Assets/Course Library/Fonts/Exo_2/Exo2-ExtraLightItalic.ttf using Guid(9e358774b8511446d90a622491036bf9) Importer(815301076,1909f56bfc062723c751e8b465ee728b) [PhysX] Initialized MultithreadedTaskDispatcher with 2 workers.
[PhysX] Initialized MultithreadedTaskDispatcher with 2 workers.
[PhysX] Initialized MultithreadedTaskDispatcher with 2 workers.
 -> (artifact id: '007d543cfcab383617c9dd294de46223') in 0.083670 seconds
Number of updated asset objects reloaded before import = 0
Number of asset objects unloaded after import = 4
========================================================================
Received Import Request.
  Time since last request: 0.000746 seconds.
  path: Assets/TextMesh Pro/Shaders/TMP_SDF-Mobile.shader
  artifactKey: Guid(fe393ace9b354375a9cb14cdbbc28be4) Importer(2089858483,0ecaa5967403d082aa24f35e1b516d23)
Start importing Assets/TextMesh Pro/Shaders/TMP_SDF-Mobile.shader using Guid(fe393ace9b354375a9cb14cdbbc28be4) Importer(2089858483,0ecaa5967403d082aa24f35e1b516d23) [PhysX] Initialized MultithreadedTaskDispatcher with 2 workers.
 -> (artifact id: '89c1f93865bb3af347d884c3cb951665') in 0.063666 seconds
Number of updated asset objects reloaded before import = 0
Number of asset objects unloaded after import = 1
========================================================================
Received Import Request.
  Time since last request: 0.000677 seconds.
  path: Assets/Course Library/Fonts/Exo_2/OFL.txt
  artifactKey: Guid(4d65dec63702c4eaf8d8d6d4ae02800b) Importer(2089858483,0ecaa5967403d082aa24f35e1b516d23)
Start importing Assets/Course Library/Fonts/Exo_2/OFL.txt using Guid(4d65dec63702c4eaf8d8d6d4ae02800b) Importer(2089858483,0ecaa5967403d082aa24f35e1b516d23) [PhysX] Initialized MultithreadedTaskDispatcher with 2 workers.
 -> (artifact id: '56a4d59c2ccdc2acf6ac571a37dcec6f') in 0.090696 seconds
Number of updated asset objects reloaded before import = 0
Number of asset objects unloaded after import = 1
========================================================================
Received Import Request.
  Time since last request: 0.001587 seconds.
  path: Assets/Course Library/Fonts/Oswald/Oswald-Medium.ttf
  artifactKey: Guid(bc490855d36714328a7cd9ee141134ed) Importer(815301076,1909f56bfc062723c751e8b465ee728b)
Start importing Assets/Course Library/Fonts/Oswald/Oswald-Medium.ttf using Guid(bc490855d36714328a7cd9ee141134ed) Importer(815301076,1909f56bfc062723c751e8b465ee728b) [PhysX] Initialized MultithreadedTaskDispatcher with 2 workers.
[PhysX] Initialized MultithreadedTaskDispatcher with 2 workers.
[PhysX] Initialized MultithreadedTaskDispatcher with 2 workers.
 -> (artifact id: '3292948d285862fe43ee155ba772432c') in 0.057670 seconds
Number of updated asset objects reloaded before import = 0
Number of asset objects unloaded after import = 4
========================================================================
Received Import Request.
  Time since last request: 0.000571 seconds.
  path: Assets/Course Library/Materials/Border_Color.mat
  artifactKey: Guid(f4698df765882484da56b48c303119e1) Importer(2089858483,0ecaa5967403d082aa24f35e1b516d23)
Start importing Assets/Course Library/Materials/Border_Color.mat using Guid(f4698df765882484da56b48c303119e1) Importer(2089858483,0ecaa5967403d082aa24f35e1b516d23) [PhysX] Initialized MultithreadedTaskDispatcher with 2 workers.
 -> (artifact id: '33183bafd99d597535e919d00b10243b') in 0.207257 seconds
Number of updated asset objects reloaded before import = 0
Number of asset objects unloaded after import = 1
========================================================================
Received Import Request.
  Time since last request: 0.001359 seconds.
  path: Assets/Course Library/Fonts/Oswald/Oswald-Light.ttf
  artifactKey: Guid(08117285b45064d9facc7101603b931e) Importer(815301076,1909f56bfc062723c751e8b465ee728b)
Start importing Assets/Course Library/Fonts/Oswald/Oswald-Light.ttf using Guid(08117285b45064d9facc7101603b931e) Importer(815301076,1909f56bfc062723c751e8b465ee728b) [PhysX] Initialized MultithreadedTaskDispatcher with 2 workers.
[PhysX] Initialized MultithreadedTaskDispatcher with 2 workers.
[PhysX] Initialized MultithreadedTaskDispatcher with 2 workers.
 -> (artifact id: '4cb13c40edfa099ad501d8138ef1a700') in 0.101171 seconds
Number of updated asset objects reloaded before import = 0
Number of asset objects unloaded after import = 4
========================================================================
Received Import Request.
  Time since last request: 0.000783 seconds.
  path: Assets/TextMesh Pro/Shaders/TMP_SDF-Mobile SSD.shader
  artifactKey: Guid(c8d12adcee749c344b8117cf7c7eb912) Importer(2089858483,0ecaa5967403d082aa24f35e1b516d23)
Start importing Assets/TextMesh Pro/Shaders/TMP_SDF-Mobile SSD.shader using Guid(c8d12adcee749c344b8117cf7c7eb912) Importer(2089858483,0ecaa5967403d082aa24f35e1b516d23) [PhysX] Initialized MultithreadedTaskDispatcher with 2 workers.
 -> (artifact id: 'a2df1cc7d5852b33aaeb1a03d00117d5') in 0.094306 seconds
Number of updated asset objects reloaded before import = 0
Number of asset objects unloaded after import = 1
========================================================================
Received Import Request.
  Time since last request: 0.000891 seconds.
  path: Assets/TextMesh Pro/Resources/TMP Settings.asset
  artifactKey: Guid(3f5b5dff67a942289a9defa416b206f3) Importer(2089858483,0ecaa5967403d082aa24f35e1b516d23)
Start importing Assets/TextMesh Pro/Resources/TMP Settings.asset using Guid(3f5b5dff67a942289a9defa416b206f3) Importer(2089858483,0ecaa5967403d082aa24f35e1b516d23) [PhysX] Initialized MultithreadedTaskDispatcher with 2 workers.
 -> (artifact id: '411fc11ef2ffbc079ccc28c4aa7d3252') in 0.268849 seconds
Number of updated asset objects reloaded before import = 0
Number of asset objects unloaded after import = 15
========================================================================
Received Import Request.
  Time since last request: 0.001260 seconds.
  path: Assets/Course Library/Textures/PolygonPrototype_Texture_Grid_06.png
  artifactKey: Guid(bbc54c0e722a346408cd09eef6dc0cd6) Importer(815301076,1909f56bfc062723c751e8b465ee728b)
Start importing Assets/Course Library/Textures/PolygonPrototype_Texture_Grid_06.png using Guid(bbc54c0e722a346408cd09eef6dc0cd6) Importer(815301076,1909f56bfc062723c751e8b465ee728b) [PhysX] Initialized MultithreadedTaskDispatcher with 2 workers.
[PhysX] Initialized MultithreadedTaskDispatcher with 2 workers.
 -> (artifact id: 'd52b2e34b083a906276cc40472dbe582') in 0.227197 seconds
Number of updated asset objects reloaded before import = 0
Number of asset objects unloaded after import = 2
========================================================================
Received Import Request.
  Time since last request: 0.003464 seconds.
  path: Assets/Course Library/Fonts/Exo_2/Exo2-SemiBold.ttf
  artifactKey: Guid(07a4ab9300a394dcc9813a7907f1edba) Importer(815301076,1909f56bfc062723c751e8b465ee728b)
Start importing Assets/Course Library/Fonts/Exo_2/Exo2-SemiBold.ttf using Guid(07a4ab9300a394dcc9813a7907f1edba) Importer(815301076,1909f56bfc062723c751e8b465ee728b) [PhysX] Initialized MultithreadedTaskDispatcher with 2 workers.
[PhysX] Initialized MultithreadedTaskDispatcher with 2 workers.
[PhysX] Initialized MultithreadedTaskDispatcher with 2 workers.
 -> (artifact id: '14d76f1811f7895aebc1bf5e233e4990') in 0.066859 seconds
Number of updated asset objects reloaded before import = 0
Number of asset objects unloaded after import = 4
========================================================================
Received Import Request.
  Time since last request: 0.000715 seconds.
  path: Assets/TextMesh Pro/Resources/LineBreaking Following Characters.txt
  artifactKey: Guid(fade42e8bc714b018fac513c043d323b) Importer(2089858483,0ecaa5967403d082aa24f35e1b516d23)
Start importing Assets/TextMesh Pro/Resources/LineBreaking Following Characters.txt using Guid(fade42e8bc714b018fac513c043d323b) Importer(2089858483,0ecaa5967403d082aa24f35e1b516d23) [PhysX] Initialized MultithreadedTaskDispatcher with 2 workers.
 -> (artifact id: '0eae289a0a04709e1693326e75d1bfac') in 0.168145 seconds
Number of updated asset objects reloaded before import = 0
Number of asset objects unloaded after import = 1
========================================================================
Received Import Request.
  Time since last request: 0.000982 seconds.
  path: Assets/Course Library/Fonts/Exo_2/Exo2-Bold.ttf
  artifactKey: Guid(adcd00801f52c472c9b3615a7750a527) Importer(2089858483,0ecaa5967403d082aa24f35e1b516d23)
Start importing Assets/Course Library/Fonts/Exo_2/Exo2-Bold.ttf using Guid(adcd00801f52c472c9b3615a7750a527) Importer(2089858483,0ecaa5967403d082aa24f35e1b516d23) [PhysX] Initialized MultithreadedTaskDispatcher with 2 workers.
 -> (artifact id: '06174647f5b80e7d906717d1040d7334') in 0.086106 seconds
Number of updated asset objects reloaded before import = 0
Number of asset objects unloaded after import = 3
========================================================================
Received Import Request.
  Time since last request: 0.000057 seconds.
  path: Assets/Course Library/Particles/Explosion_Pink.prefab
  artifactKey: Guid(7b4191607aae74c0ab244a8d6e48adbf) Importer(2089858483,0ecaa5967403d082aa24f35e1b516d23)
Start importing Assets/Course Library/Particles/Explosion_Pink.prefab using Guid(7b4191607aae74c0ab244a8d6e48adbf) Importer(2089858483,0ecaa5967403d082aa24f35e1b516d23) [PhysX] Initialized MultithreadedTaskDispatcher with 2 workers.
 -> (artifact id: 'fafcde5e166a839eb1e8fc9f946bf603') in 0.229542 seconds
Number of updated asset objects reloaded before import = 0
Number of asset objects unloaded after import = 7
========================================================================
Received Import Request.
  Time since last request: 0.000065 seconds.
  path: Assets/TextMesh Pro/Shaders/TMP_SDF SSD.shader
  artifactKey: Guid(14eb328de4b8eb245bb7cea29e4ac00b) Importer(2089858483,0ecaa5967403d082aa24f35e1b516d23)
Start importing Assets/TextMesh Pro/Shaders/TMP_SDF SSD.shader using Guid(14eb328de4b8eb245bb7cea29e4ac00b) Importer(2089858483,0ecaa5967403d082aa24f35e1b516d23) [PhysX] Initialized MultithreadedTaskDispatcher with 2 workers.
 -> (artifact id: '9e1e52ca910e04aeff19baa95d644a06') in 0.060240 seconds
Number of updated asset objects reloaded before import = 0
Number of asset objects unloaded after import = 1
========================================================================
Received Import Request.
  Time since last request: 0.000046 seconds.
  path: Assets/Course Library/Fonts/Exo_2/Exo2-ExtraBold.ttf
  artifactKey: Guid(c63f048853a014829868fe9c11f00717) Importer(2089858483,0ecaa5967403d082aa24f35e1b516d23)
Start importing Assets/Course Library/Fonts/Exo_2/Exo2-ExtraBold.ttf using Guid(c63f048853a014829868fe9c11f00717) Importer(2089858483,0ecaa5967403d082aa24f35e1b516d23) [PhysX] Initialized MultithreadedTaskDispatcher with 2 workers.
 -> (artifact id: 'e6007d3f7b146dc262e1c62da61312c8') in 0.122553 seconds
Number of updated asset objects reloaded before import = 0
Number of asset objects unloaded after import = 3
========================================================================
Received Import Request.
  Time since last request: 0.001930 seconds.
  path: Assets/Course Library/Fonts/Exo_2/Exo2-Light.ttf
  artifactKey: Guid(b26e90a68ded1405f850d9355a62719d) Importer(815301076,1909f56bfc062723c751e8b465ee728b)
Start importing Assets/Course Library/Fonts/Exo_2/Exo2-Light.ttf using Guid(b26e90a68ded1405f850d9355a62719d) Importer(815301076,1909f56bfc062723c751e8b465ee728b) [PhysX] Initialized MultithreadedTaskDispatcher with 2 workers.
[PhysX] Initialized MultithreadedTaskDispatcher with 2 workers.
[PhysX] Initialized MultithreadedTaskDispatcher with 2 workers.
 -> (artifact id: '9d3eb15e11cdb33b5455e91ea547fc97') in 0.046847 seconds
Number of updated asset objects reloaded before import = 0
Number of asset objects unloaded after import = 4
========================================================================
Received Import Request.
  Time since last request: 0.000610 seconds.
  path: Assets/Course Library/Fonts/Oswald/Oswald-Medium.ttf
  artifactKey: Guid(bc490855d36714328a7cd9ee141134ed) Importer(2089858483,0ecaa5967403d082aa24f35e1b516d23)
Start importing Assets/Course Library/Fonts/Oswald/Oswald-Medium.ttf using Guid(bc490855d36714328a7cd9ee141134ed) Importer(2089858483,0ecaa5967403d082aa24f35e1b516d23) [PhysX] Initialized MultithreadedTaskDispatcher with 2 workers.
 -> (artifact id: '86f0b737e10da8288ae9749f56e8e813') in 0.065666 seconds
Number of updated asset objects reloaded before import = 0
Number of asset objects unloaded after import = 3
========================================================================
Received Import Request.
  Time since last request: 0.000114 seconds.
  path: Assets/Course Library/Fonts/Oswald/Oswald-Bold.ttf
  artifactKey: Guid(b6d4010cbb1c141d884c47751a44704c) Importer(815301076,1909f56bfc062723c751e8b465ee728b)
Start importing Assets/Course Library/Fonts/Oswald/Oswald-Bold.ttf using Guid(b6d4010cbb1c141d884c47751a44704c) Importer(815301076,1909f56bfc062723c751e8b465ee728b) [PhysX] Initialized MultithreadedTaskDispatcher with 2 workers.
[PhysX] Initialized MultithreadedTaskDispatcher with 2 workers.
[PhysX] Initialized MultithreadedTaskDispatcher with 2 workers.
 -> (artifact id: 'd6c3ff42399b2db43e95955eaf514805') in 0.046735 seconds
Number of updated asset objects reloaded before import = 0
Number of asset objects unloaded after import = 4
========================================================================
Received Import Request.
  Time since last request: 0.000581 seconds.
  path: Assets/Scripts/DifficultyButtons.cs
  artifactKey: Guid(2801c374b06a00a4c9166e3e5aca8b1a) Importer(2089858483,0ecaa5967403d082aa24f35e1b516d23)
Start importing Assets/Scripts/DifficultyButtons.cs using Guid(2801c374b06a00a4c9166e3e5aca8b1a) Importer(2089858483,0ecaa5967403d082aa24f35e1b516d23) [PhysX] Initialized MultithreadedTaskDispatcher with 2 workers.
 -> (artifact id: 'a73c9937826ab7baba3dde3af24367df') in 0.060732 seconds
Number of updated asset objects reloaded before import = 0
Number of asset objects unloaded after import = 1
========================================================================
Received Import Request.
  Time since last request: 0.000047 seconds.
  path: Assets/Course Library/Fonts/Exo_2/Exo2-ThinItalic.ttf
  artifactKey: Guid(f5855be7b6497471792c0381959d03b4) Importer(2089858483,0ecaa5967403d082aa24f35e1b516d23)
Start importing Assets/Course Library/Fonts/Exo_2/Exo2-ThinItalic.ttf using Guid(f5855be7b6497471792c0381959d03b4) Importer(2089858483,0ecaa5967403d082aa24f35e1b516d23) [PhysX] Initialized MultithreadedTaskDispatcher with 2 workers.
 -> (artifact id: '646f42a04976f0655cecb10be0e17608') in 0.070859 seconds
Number of updated asset objects reloaded before import = 0
Number of asset objects unloaded after import = 3
========================================================================
Received Import Request.
  Time since last request: 0.000145 seconds.
  path: Assets/Course Library/_Source_Files/Textures/PolygonPrototype_Texture_04.png
  artifactKey: Guid(56d0dcfd4f388074b86b2ca24191e027) Importer(815301076,1909f56bfc062723c751e8b465ee728b)
Start importing Assets/Course Library/_Source_Files/Textures/PolygonPrototype_Texture_04.png using Guid(56d0dcfd4f388074b86b2ca24191e027) Importer(815301076,1909f56bfc062723c751e8b465ee728b) [PhysX] Initialized MultithreadedTaskDispatcher with 2 workers.
[PhysX] Initialized MultithreadedTaskDispatcher with 2 workers.
 -> (artifact id: 'c38f81260a577a3f108d1b6348fda65c') in 0.153822 seconds
Number of updated asset objects reloaded before import = 0
Number of asset objects unloaded after import = 2
========================================================================
Received Import Request.
  Time since last request: 0.000085 seconds.
  path: Assets/Course Library/Textures/PolygonPrototype_Texture_Grid_Glass_01.png
  artifactKey: Guid(1432e62c10501d147a873c128326f711) Importer(2089858483,0ecaa5967403d082aa24f35e1b516d23)
Start importing Assets/Course Library/Textures/PolygonPrototype_Texture_Grid_Glass_01.png using Guid(1432e62c10501d147a873c128326f711) Importer(2089858483,0ecaa5967403d082aa24f35e1b516d23) [PhysX] Initialized MultithreadedTaskDispatcher with 2 workers.
 -> (artifact id: 'b1e5858729848e5d55660119956b5f81') in 0.138264 seconds
Number of updated asset objects reloaded before import = 0
Number of asset objects unloaded after import = 1
========================================================================
Received Import Request.
  Time since last request: 0.000679 seconds.
  path: Assets/Course Library/Textures/PolygonPrototype_Texture_Grid_04.png
  artifactKey: Guid(c7c5239ae4b2ace4d8774918a50a940a) Importer(815301076,1909f56bfc062723c751e8b465ee728b)
Start importing Assets/Course Library/Textures/PolygonPrototype_Texture_Grid_04.png using Guid(c7c5239ae4b2ace4d8774918a50a940a) Importer(815301076,1909f56bfc062723c751e8b465ee728b) [PhysX] Initialized MultithreadedTaskDispatcher with 2 workers.
[PhysX] Initialized MultithreadedTaskDispatcher with 2 workers.
 -> (artifact id: '5f1cf6631965a4cfdb4e660969312194') in 0.129804 seconds
Number of updated asset objects reloaded before import = 0
Number of asset objects unloaded after import = 2
========================================================================
Received Import Request.
  Time since last request: 0.000048 seconds.
  path: Assets/Course Library/Textures/PolygonPrototype_Texture_Grid_03.png
  artifactKey: Guid(86507321c175292409cc422c5e33d711) Importer(815301076,1909f56bfc062723c751e8b465ee728b)
Start importing Assets/Course Library/Textures/PolygonPrototype_Texture_Grid_03.png using Guid(86507321c175292409cc422c5e33d711) Importer(815301076,1909f56bfc062723c751e8b465ee728b) [PhysX] Initialized MultithreadedTaskDispatcher with 2 workers.
[PhysX] Initialized MultithreadedTaskDispatcher with 2 workers.
 -> (artifact id: 'beed7c0cc7ceee3c5568ff0211a45b5d') in 0.065357 seconds
Number of updated asset objects reloaded before import = 0
Number of asset objects unloaded after import = 2
========================================================================
Received Import Request.
  Time since last request: 0.000579 seconds.
  path: Assets/Scripts/GameManager.cs
  artifactKey: Guid(f00e4415108b22946ba78a9248b88469) Importer(2089858483,0ecaa5967403d082aa24f35e1b516d23)
Start importing Assets/Scripts/GameManager.cs using Guid(f00e4415108b22946ba78a9248b88469) Importer(2089858483,0ecaa5967403d082aa24f35e1b516d23) [PhysX] Initialized MultithreadedTaskDispatcher with 2 workers.
 -> (artifact id: 'f6ec485833d06d83c229de2a5091264d') in 0.077057 seconds
Number of updated asset objects reloaded before import = 0
Number of asset objects unloaded after import = 1
========================================================================
Received Import Request.
  Time since last request: 0.000750 seconds.
  path: Assets/Course Library/Fonts/Oswald/Oswald-ExtraLight.ttf
  artifactKey: Guid(7ee88c99700f34701aa468a219257cc6) Importer(2089858483,0ecaa5967403d082aa24f35e1b516d23)
Start importing Assets/Course Library/Fonts/Oswald/Oswald-ExtraLight.ttf using Guid(7ee88c99700f34701aa468a219257cc6) Importer(2089858483,0ecaa5967403d082aa24f35e1b516d23) [PhysX] Initialized MultithreadedTaskDispatcher with 2 workers.
 -> (artifact id: '503994579e0ed1a4be975ba9c2549daf') in 0.129254 seconds
Number of updated asset objects reloaded before import = 0
Number of asset objects unloaded after import = 3
========================================================================
Received Import Request.
  Time since last request: 0.001621 seconds.
  path: Assets/Course Library/Fonts/Roboto_Condensed/RobotoCondensed-LightItalic.ttf
  artifactKey: Guid(f4dd3cb20665b475e9f5912522f21d95) Importer(815301076,1909f56bfc062723c751e8b465ee728b)
Start importing Assets/Course Library/Fonts/Roboto_Condensed/RobotoCondensed-LightItalic.ttf using Guid(f4dd3cb20665b475e9f5912522f21d95) Importer(815301076,1909f56bfc062723c751e8b465ee728b) [PhysX] Initialized MultithreadedTaskDispatcher with 2 workers.
[PhysX] Initialized MultithreadedTaskDispatcher with 2 workers.
[PhysX] Initialized MultithreadedTaskDispatcher with 2 workers.
 -> (artifact id: 'a0bdd789914569c7c350b365f25a885e') in 0.055750 seconds
Number of updated asset objects reloaded before import = 0
Number of asset objects unloaded after import = 4
========================================================================
Received Import Request.
  Time since last request: 0.000525 seconds.
  path: Assets/Course Library/Fonts/Indie_Flower/IndieFlower.ttf
  artifactKey: Guid(1e2dedf0209f94b3a970377b23a013a9) Importer(2089858483,0ecaa5967403d082aa24f35e1b516d23)
Start importing Assets/Course Library/Fonts/Indie_Flower/IndieFlower.ttf using Guid(1e2dedf0209f94b3a970377b23a013a9) Importer(2089858483,0ecaa5967403d082aa24f35e1b516d23) [PhysX] Initialized MultithreadedTaskDispatcher with 2 workers.
 -> (artifact id: 'a321bb18d379ff12c42508d7f5974554') in 0.119233 seconds
Number of updated asset objects reloaded before import = 0
Number of asset objects unloaded after import = 3
========================================================================
Received Import Request.
  Time since last request: 0.001486 seconds.
  path: Assets/Course Library/Particles/Explosion_Purple.prefab
  artifactKey: Guid(ef43e5aef41c142fb85a7658a397dc75) Importer(2089858483,0ecaa5967403d082aa24f35e1b516d23)
Start importing Assets/Course Library/Particles/Explosion_Purple.prefab using Guid(ef43e5aef41c142fb85a7658a397dc75) Importer(2089858483,0ecaa5967403d082aa24f35e1b516d23) [PhysX] Initialized MultithreadedTaskDispatcher with 2 workers.
 -> (artifact id: '7dc242931664b27debbedc0e4ef41638') in 0.234723 seconds
Number of updated asset objects reloaded before import = 0
Number of asset objects unloaded after import = 7
========================================================================
Received Import Request.
  Time since last request: 0.000054 seconds.
  path: Assets/Course Library/Fonts/Roboto_Condensed/RobotoCondensed-Light.ttf
  artifactKey: Guid(57df1ba1a70d248439bac89c8f1e35fe) Importer(2089858483,0ecaa5967403d082aa24f35e1b516d23)
Start importing Assets/Course Library/Fonts/Roboto_Condensed/RobotoCondensed-Light.ttf using Guid(57df1ba1a70d248439bac89c8f1e35fe) Importer(2089858483,0ecaa5967403d082aa24f35e1b516d23) [PhysX] Initialized MultithreadedTaskDispatcher with 2 workers.
 -> (artifact id: 'e9c3282a5cba21f464c4b1578425c846') in 0.059727 seconds
Number of updated asset objects reloaded before import = 0
Number of asset objects unloaded after import = 3
========================================================================
Received Import Request.
  Time since last request: 0.000060 seconds.
  path: Assets/TextMesh Pro/Shaders/TMP_Bitmap-Mobile.shader
  artifactKey: Guid(1e3b057af24249748ff873be7fafee47) Importer(2089858483,0ecaa5967403d082aa24f35e1b516d23)
Start importing Assets/TextMesh Pro/Shaders/TMP_Bitmap-Mobile.shader using Guid(1e3b057af24249748ff873be7fafee47) Importer(2089858483,0ecaa5967403d082aa24f35e1b516d23) [PhysX] Initialized MultithreadedTaskDispatcher with 2 workers.
 -> (artifact id: '5e5bb21a397867913bb8d21acfe399c2') in 0.046617 seconds
Number of updated asset objects reloaded before import = 0
Number of asset objects unloaded after import = 1
========================================================================
Received Import Request.
  Time since last request: 0.000053 seconds.
  path: Assets/Course Library/Particles/Explosion_Green.prefab
  artifactKey: Guid(6cbc21f5e9162483993a2b84b14d5ac8) Importer(2089858483,0ecaa5967403d082aa24f35e1b516d23)
Start importing Assets/Course Library/Particles/Explosion_Green.prefab using Guid(6cbc21f5e9162483993a2b84b14d5ac8) Importer(2089858483,0ecaa5967403d082aa24f35e1b516d23) [PhysX] Initialized MultithreadedTaskDispatcher with 2 workers.
 -> (artifact id: '52d5e5a6118506406ccb69264e9a29ad') in 0.136737 seconds
Number of updated asset objects reloaded before import = 0
Number of asset objects unloaded after import = 7
========================================================================
Received Import Request.
  Time since last request: 0.000043 seconds.
  path: Assets/Course Library/Fonts/Exo_2/Exo2-LightItalic.ttf
  artifactKey: Guid(d59e3c5d1247c45f0b70680dc868ed9d) Importer(2089858483,0ecaa5967403d082aa24f35e1b516d23)
Start importing Assets/Course Library/Fonts/Exo_2/Exo2-LightItalic.ttf using Guid(d59e3c5d1247c45f0b70680dc868ed9d) Importer(2089858483,0ecaa5967403d082aa24f35e1b516d23) [PhysX] Initialized MultithreadedTaskDispatcher with 2 workers.
 -> (artifact id: '02db1e442bfb0770febdd07bed6e78d2') in 0.047177 seconds
Number of updated asset objects reloaded before import = 0
Number of asset objects unloaded after import = 3
========================================================================
Received Import Request.
  Time since last request: 0.000048 seconds.
  path: Assets/Course Library/Textures/PolygonPrototype_Texture_Grid_03.png
  artifactKey: Guid(86507321c175292409cc422c5e33d711) Importer(2089858483,0ecaa5967403d082aa24f35e1b516d23)
Start importing Assets/Course Library/Textures/PolygonPrototype_Texture_Grid_03.png using Guid(86507321c175292409cc422c5e33d711) Importer(2089858483,0ecaa5967403d082aa24f35e1b516d23) [PhysX] Initialized MultithreadedTaskDispatcher with 2 workers.
 -> (artifact id: '10a0be4c3714962dc5b4d95a2a291b05') in 0.066095 seconds
Number of updated asset objects reloaded before import = 0
Number of asset objects unloaded after import = 1
========================================================================
Received Import Request.
  Time since last request: 0.000228 seconds.
  path: Assets/Course Library/Fonts/Baloo_Chettan/OFL.txt
  artifactKey: Guid(04f34f87ea27f409c936f11bbb924d3e) Importer(2089858483,0ecaa5967403d082aa24f35e1b516d23)
Start importing Assets/Course Library/Fonts/Baloo_Chettan/OFL.txt using Guid(04f34f87ea27f409c936f11bbb924d3e) Importer(2089858483,0ecaa5967403d082aa24f35e1b516d23) [PhysX] Initialized MultithreadedTaskDispatcher with 2 workers.
 -> (artifact id: '512d4ec575422e05ef38c3c8e66c5794') in 0.065483 seconds
Number of updated asset objects reloaded before import = 0
Number of asset objects unloaded after import = 1
========================================================================
Received Import Request.
  Time since last request: 0.000045 seconds.
  path: Assets/Course Library/Fonts/Exo_2/Exo2-BlackItalic.ttf
  artifactKey: Guid(68916e4daa1d34344adef559f22fcf2b) Importer(815301076,1909f56bfc062723c751e8b465ee728b)
Start importing Assets/Course Library/Fonts/Exo_2/Exo2-BlackItalic.ttf using Guid(68916e4daa1d34344adef559f22fcf2b) Importer(815301076,1909f56bfc062723c751e8b465ee728b) [PhysX] Initialized MultithreadedTaskDispatcher with 2 workers.
[PhysX] Initialized MultithreadedTaskDispatcher with 2 workers.
[PhysX] Initialized MultithreadedTaskDispatcher with 2 workers.
 -> (artifact id: '1be4d81736abe0fba3f6da77a5e7f288') in 0.038818 seconds
Number of updated asset objects reloaded before import = 0
Number of asset objects unloaded after import = 4
========================================================================
Received Import Request.
  Time since last request: 0.000518 seconds.
  path: Assets/Course Library/Fonts/Exo_2/Exo2-LightItalic.ttf
  artifactKey: Guid(d59e3c5d1247c45f0b70680dc868ed9d) Importer(815301076,1909f56bfc062723c751e8b465ee728b)
Start importing Assets/Course Library/Fonts/Exo_2/Exo2-LightItalic.ttf using Guid(d59e3c5d1247c45f0b70680dc868ed9d) Importer(815301076,1909f56bfc062723c751e8b465ee728b) [PhysX] Initialized MultithreadedTaskDispatcher with 2 workers.
[PhysX] Initialized MultithreadedTaskDispatcher with 2 workers.
[PhysX] Initialized MultithreadedTaskDispatcher with 2 workers.
 -> (artifact id: '4f5085dcb6497b8915b896e3c2b2827d') in 0.048528 seconds
Number of updated asset objects reloaded before import = 0
Number of asset objects unloaded after import = 4
========================================================================
Received Import Request.
  Time since last request: 0.005757 seconds.
  path: Assets/Course Library/Fonts/Oswald/Oswald-Bold.ttf
  artifactKey: Guid(b6d4010cbb1c141d884c47751a44704c) Importer(2089858483,0ecaa5967403d082aa24f35e1b516d23)
Start importing Assets/Course Library/Fonts/Oswald/Oswald-Bold.ttf using Guid(b6d4010cbb1c141d884c47751a44704c) Importer(2089858483,0ecaa5967403d082aa24f35e1b516d23) [PhysX] Initialized MultithreadedTaskDispatcher with 2 workers.
 -> (artifact id: '4f562215c7ce222b97648604d9f065cd') in 0.056934 seconds
Number of updated asset objects reloaded before import = 0
Number of asset objects unloaded after import = 3
========================================================================
Received Import Request.
  Time since last request: 0.000638 seconds.
  path: Assets/Course Library/Fonts/Roboto_Condensed/RobotoCondensed-Light.ttf
  artifactKey: Guid(57df1ba1a70d248439bac89c8f1e35fe) Importer(815301076,1909f56bfc062723c751e8b465ee728b)
Start importing Assets/Course Library/Fonts/Roboto_Condensed/RobotoCondensed-Light.ttf using Guid(57df1ba1a70d248439bac89c8f1e35fe) Importer(815301076,1909f56bfc062723c751e8b465ee728b) [PhysX] Initialized MultithreadedTaskDispatcher with 2 workers.
[PhysX] Initialized MultithreadedTaskDispatcher with 2 workers.
[PhysX] Initialized MultithreadedTaskDispatcher with 2 workers.
 -> (artifact id: '6afc3f4be14acf93e6f00375ba86f8ca') in 0.039214 seconds
Number of updated asset objects reloaded before import = 0
Number of asset objects unloaded after import = 4
========================================================================
Received Import Request.
  Time since last request: 0.000052 seconds.
  path: Assets/Course Library/Fonts/Exo_2/Exo2-ExtraBoldItalic.ttf
  artifactKey: Guid(ad3f5403e751f4b52afb38e1ac599222) Importer(815301076,1909f56bfc062723c751e8b465ee728b)
Start importing Assets/Course Library/Fonts/Exo_2/Exo2-ExtraBoldItalic.ttf using Guid(ad3f5403e751f4b52afb38e1ac599222) Importer(815301076,1909f56bfc062723c751e8b465ee728b) [PhysX] Initialized MultithreadedTaskDispatcher with 2 workers.
[PhysX] Initialized MultithreadedTaskDispatcher with 2 workers.
[PhysX] Initialized MultithreadedTaskDispatcher with 2 workers.
 -> (artifact id: '23d6e0661bff701a2007f5e10afc713f') in 0.032878 seconds
Number of updated asset objects reloaded before import = 0
Number of asset objects unloaded after import = 4
========================================================================
Received Import Request.
  Time since last request: 0.000041 seconds.
  path: Assets/Course Library/Fonts/Exo_2/Exo2-ExtraBold.ttf
  artifactKey: Guid(c63f048853a014829868fe9c11f00717) Importer(815301076,1909f56bfc062723c751e8b465ee728b)
Start importing Assets/Course Library/Fonts/Exo_2/Exo2-ExtraBold.ttf using Guid(c63f048853a014829868fe9c11f00717) Importer(815301076,1909f56bfc062723c751e8b465ee728b) [PhysX] Initialized MultithreadedTaskDispatcher with 2 workers.
[PhysX] Initialized MultithreadedTaskDispatcher with 2 workers.
[PhysX] Initialized MultithreadedTaskDispatcher with 2 workers.
 -> (artifact id: '75e01b34e042d091d96fdb23f9c12f16') in 0.032841 seconds
Number of updated asset objects reloaded before import = 0
Number of asset objects unloaded after import = 4
========================================================================
Received Import Request.
  Time since last request: 0.000046 seconds.
  path: Assets/Course Library/Fonts/Indie_Flower/IndieFlower SDF.asset
  artifactKey: Guid(8abe1e37fe7bf433896970245b936749) Importer(2089858483,0ecaa5967403d082aa24f35e1b516d23)
Start importing Assets/Course Library/Fonts/Indie_Flower/IndieFlower SDF.asset using Guid(8abe1e37fe7bf433896970245b936749) Importer(2089858483,0ecaa5967403d082aa24f35e1b516d23) [PhysX] Initialized MultithreadedTaskDispatcher with 2 workers.
 -> (artifact id: '98db9564b65105b9e60df782d4fe80b5') in 0.083923 seconds
Number of updated asset objects reloaded before import = 0
Number of asset objects unloaded after import = 3
========================================================================
Received Import Request.
  Time since last request: 0.000651 seconds.
  path: Assets/Course Library/Fonts/Oswald/Oswald-ExtraLight.ttf
  artifactKey: Guid(7ee88c99700f34701aa468a219257cc6) Importer(815301076,1909f56bfc062723c751e8b465ee728b)
Start importing Assets/Course Library/Fonts/Oswald/Oswald-ExtraLight.ttf using Guid(7ee88c99700f34701aa468a219257cc6) Importer(815301076,1909f56bfc062723c751e8b465ee728b) [PhysX] Initialized MultithreadedTaskDispatcher with 2 workers.
[PhysX] Initialized MultithreadedTaskDispatcher with 2 workers.
[PhysX] Initialized MultithreadedTaskDispatcher with 2 workers.
 -> (artifact id: 'a336e6f651d6913f5690d864121ce411') in 0.033798 seconds
Number of updated asset objects reloaded before import = 0
Number of asset objects unloaded after import = 4
========================================================================
Received Import Request.
  Time since last request: 0.000048 seconds.
  path: Assets/Course Library/Fonts/Exo_2/Exo2-ExtraLightItalic.ttf
  artifactKey: Guid(9e358774b8511446d90a622491036bf9) Importer(2089858483,0ecaa5967403d082aa24f35e1b516d23)
Start importing Assets/Course Library/Fonts/Exo_2/Exo2-ExtraLightItalic.ttf using Guid(9e358774b8511446d90a622491036bf9) Importer(2089858483,0ecaa5967403d082aa24f35e1b516d23) [PhysX] Initialized MultithreadedTaskDispatcher with 2 workers.
 -> (artifact id: '361da7f0cd45f83082ceba6a9af31322') in 0.058929 seconds
Number of updated asset objects reloaded before import = 0
Number of asset objects unloaded after import = 3
========================================================================
Received Import Request.
  Time since last request: 0.001069 seconds.
  path: Assets/Course Library/_Source_Files/_LICENSE.txt
  artifactKey: Guid(0310a912c63a84902ab614f875fc4f7e) Importer(2089858483,0ecaa5967403d082aa24f35e1b516d23)
Start importing Assets/Course Library/_Source_Files/_LICENSE.txt using Guid(0310a912c63a84902ab614f875fc4f7e) Importer(2089858483,0ecaa5967403d082aa24f35e1b516d23) [PhysX] Initialized MultithreadedTaskDispatcher with 2 workers.
 -> (artifact id: '54672cb95f391d4bcf132bbc28f9ac59') in 0.063140 seconds
Number of updated asset objects reloaded before import = 0
Number of asset objects unloaded after import = 1
========================================================================
Received Import Request.
  Time since last request: 0.000084 seconds.
  path: Assets/TextMesh Pro/Shaders/TMP_SDF-Surface.shader
  artifactKey: Guid(f7ada0af4f174f0694ca6a487b8f543d) Importer(2089858483,0ecaa5967403d082aa24f35e1b516d23)
Start importing Assets/TextMesh Pro/Shaders/TMP_SDF-Surface.shader using Guid(f7ada0af4f174f0694ca6a487b8f543d) Importer(2089858483,0ecaa5967403d082aa24f35e1b516d23) [PhysX] Initialized MultithreadedTaskDispatcher with 2 workers.
 -> (artifact id: '34912bf59aa34c20da5afe9ec685278c') in 0.047773 seconds
Number of updated asset objects reloaded before import = 0
Number of asset objects unloaded after import = 1
========================================================================
Received Import Request.
  Time since last request: 0.000050 seconds.
  path: Assets/Course Library/_Source_Files/Textures/PolygonPrototype_Texture_01.png
  artifactKey: Guid(86cb957541c7c8542a6306ffb82e6833) Importer(815301076,1909f56bfc062723c751e8b465ee728b)
Start importing Assets/Course Library/_Source_Files/Textures/PolygonPrototype_Texture_01.png using Guid(86cb957541c7c8542a6306ffb82e6833) Importer(815301076,1909f56bfc062723c751e8b465ee728b) [PhysX] Initialized MultithreadedTaskDispatcher with 2 workers.
[PhysX] Initialized MultithreadedTaskDispatcher with 2 workers.
 -> (artifact id: '3e2f05b3c358bfe2ee75307b192cd524') in 0.051493 seconds
Number of updated asset objects reloaded before import = 0
Number of asset objects unloaded after import = 2
========================================================================
Received Import Request.
  Time since last request: 0.004221 seconds.
  path: Assets/TextMesh Pro/Sprites/EmojiOne.png
  artifactKey: Guid(dffef66376be4fa480fb02b19edbe903) Importer(815301076,1909f56bfc062723c751e8b465ee728b)
Start importing Assets/TextMesh Pro/Sprites/EmojiOne.png using Guid(dffef66376be4fa480fb02b19edbe903) Importer(815301076,1909f56bfc062723c751e8b465ee728b) [PhysX] Initialized MultithreadedTaskDispatcher with 2 workers.
[PhysX] Initialized MultithreadedTaskDispatcher with 2 workers.
 -> (artifact id: '36e032c9be393aeda61f429ba184af02') in 0.043479 seconds
Number of updated asset objects reloaded before import = 0
Number of asset objects unloaded after import = 2
========================================================================
Received Import Request.
  Time since last request: 0.000045 seconds.
  path: Assets/TextMesh Pro/Shaders/TMPro_Properties.cginc
  artifactKey: Guid(3997e2241185407d80309a82f9148466) Importer(2089858483,0ecaa5967403d082aa24f35e1b516d23)
Start importing Assets/TextMesh Pro/Shaders/TMPro_Properties.cginc using Guid(3997e2241185407d80309a82f9148466) Importer(2089858483,0ecaa5967403d082aa24f35e1b516d23) [PhysX] Initialized MultithreadedTaskDispatcher with 2 workers.
 -> (artifact id: '93f67bc512ac6cb2b41bb0ad1b66e55e') in 0.086596 seconds
Number of updated asset objects reloaded before import = 0
Number of asset objects unloaded after import = 1
========================================================================
Received Import Request.
  Time since last request: 0.000060 seconds.
  path: Assets/Course Library/Fonts/Exo_2/Exo2-Italic.ttf
  artifactKey: Guid(2fe316b95071344fcb82c0a08cbd4e52) Importer(2089858483,0ecaa5967403d082aa24f35e1b516d23)
Start importing Assets/Course Library/Fonts/Exo_2/Exo2-Italic.ttf using Guid(2fe316b95071344fcb82c0a08cbd4e52) Importer(2089858483,0ecaa5967403d082aa24f35e1b516d23) [PhysX] Initialized MultithreadedTaskDispatcher with 2 workers.
 -> (artifact id: 'f89f14fb79c9801c12ac9481d8718ed9') in 0.053258 seconds
Number of updated asset objects reloaded before import = 0
Number of asset objects unloaded after import = 3
========================================================================
Received Import Request.
  Time since last request: 0.000052 seconds.
  path: Assets/Course Library/Fonts/Exo_2/Exo2-ExtraLight.ttf
  artifactKey: Guid(cbc1ad4e29ed647f78246ef482e0257d) Importer(2089858483,0ecaa5967403d082aa24f35e1b516d23)
Start importing Assets/Course Library/Fonts/Exo_2/Exo2-ExtraLight.ttf using Guid(cbc1ad4e29ed647f78246ef482e0257d) Importer(2089858483,0ecaa5967403d082aa24f35e1b516d23) [PhysX] Initialized MultithreadedTaskDispatcher with 2 workers.
 -> (artifact id: 'cadfb8c43e183bd8cc92edc8e8ccbb9d') in 0.050942 seconds
Number of updated asset objects reloaded before import = 0
Number of asset objects unloaded after import = 3
========================================================================
Received Import Request.
  Time since last request: 0.000047 seconds.
  path: Assets/TextMesh Pro/Fonts/LiberationSans - OFL.txt
  artifactKey: Guid(6e59c59b81ab47f9b6ec5781fa725d2c) Importer(2089858483,0ecaa5967403d082aa24f35e1b516d23)
Start importing Assets/TextMesh Pro/Fonts/LiberationSans - OFL.txt using Guid(6e59c59b81ab47f9b6ec5781fa725d2c) Importer(2089858483,0ecaa5967403d082aa24f35e1b516d23) [PhysX] Initialized MultithreadedTaskDispatcher with 2 workers.
 -> (artifact id: '684e0eedd44de91707494ca99773bf1e') in 0.060304 seconds
Number of updated asset objects reloaded before import = 0
Number of asset objects unloaded after import = 1
========================================================================
Received Import Request.
  Time since last request: 0.000048 seconds.
  path: Assets/Course Library/Fonts/Roboto_Condensed/RobotoCondensed-BoldItalic.ttf
  artifactKey: Guid(1f95015840ec34a00bb2a9b6ac042a92) Importer(815301076,1909f56bfc062723c751e8b465ee728b)
Start importing Assets/Course Library/Fonts/Roboto_Condensed/RobotoCondensed-BoldItalic.ttf using Guid(1f95015840ec34a00bb2a9b6ac042a92) Importer(815301076,1909f56bfc062723c751e8b465ee728b) [PhysX] Initialized MultithreadedTaskDispatcher with 2 workers.
[PhysX] Initialized MultithreadedTaskDispatcher with 2 workers.
[PhysX] Initialized MultithreadedTaskDispatcher with 2 workers.
 -> (artifact id: 'c4c1490ebd0c8a3cde54d2347a7b5464') in 0.034762 seconds
Number of updated asset objects reloaded before import = 0
Number of asset objects unloaded after import = 4
========================================================================
Received Import Request.
  Time since last request: 0.000601 seconds.
  path: Assets/Prefabs/Bad 1.prefab
  artifactKey: Guid(4a5fae9689318da419aad7aafb67f097) Importer(2089858483,0ecaa5967403d082aa24f35e1b516d23)
Start importing Assets/Prefabs/Bad 1.prefab using Guid(4a5fae9689318da419aad7aafb67f097) Importer(2089858483,0ecaa5967403d082aa24f35e1b516d23) [PhysX] Initialized MultithreadedTaskDispatcher with 2 workers.
 -> (artifact id: 'f340dfbdd4d06198db7d0344372502e8') in 0.079444 seconds
Number of updated asset objects reloaded before import = 0
Number of asset objects unloaded after import = 16
========================================================================
Received Import Request.
  Time since last request: 0.000047 seconds.
  path: Assets/Course Library/Particles/Explosion_Brown.prefab
  artifactKey: Guid(70a1428e5f80a4866a779ef1ab9fe521) Importer(2089858483,0ecaa5967403d082aa24f35e1b516d23)
Start importing Assets/Course Library/Particles/Explosion_Brown.prefab using Guid(70a1428e5f80a4866a779ef1ab9fe521) Importer(2089858483,0ecaa5967403d082aa24f35e1b516d23) [PhysX] Initialized MultithreadedTaskDispatcher with 2 workers.
 -> (artifact id: '1a318e7183f75d9434c80470922d1b3d') in 0.153237 seconds
Number of updated asset objects reloaded before import = 0
Number of asset objects unloaded after import = 7
========================================================================
Received Import Request.
  Time since last request: 0.000056 seconds.
  path: Assets/TextMesh Pro/Shaders/TMP_SDF.shader
  artifactKey: Guid(68e6db2ebdc24f95958faec2be5558d6) Importer(2089858483,0ecaa5967403d082aa24f35e1b516d23)
Start importing Assets/TextMesh Pro/Shaders/TMP_SDF.shader using Guid(68e6db2ebdc24f95958faec2be5558d6) Importer(2089858483,0ecaa5967403d082aa24f35e1b516d23) [PhysX] Initialized MultithreadedTaskDispatcher with 2 workers.
 -> (artifact id: '2369b0aaf6a4870f336a2f97fd8fd4b1') in 0.044125 seconds
Number of updated asset objects reloaded before import = 0
Number of asset objects unloaded after import = 1
========================================================================
Received Import Request.
  Time since last request: 0.000067 seconds.
  path: Assets/Course Library/Fonts/Roboto_Condensed/LICENSE.txt
  artifactKey: Guid(d278fc82789b348d88edc327a46d81de) Importer(2089858483,0ecaa5967403d082aa24f35e1b516d23)
Start importing Assets/Course Library/Fonts/Roboto_Condensed/LICENSE.txt using Guid(d278fc82789b348d88edc327a46d81de) Importer(2089858483,0ecaa5967403d082aa24f35e1b516d23) [PhysX] Initialized MultithreadedTaskDispatcher with 2 workers.
 -> (artifact id: '089182553429cf97fa6290aebb13b646') in 0.062959 seconds
Number of updated asset objects reloaded before import = 0
Number of asset objects unloaded after import = 1
========================================================================
Received Import Request.
  Time since last request: 0.000047 seconds.
  path: Assets/Course Library/Fonts/Exo_2/Exo2-Black.ttf
  artifactKey: Guid(90adcf7050c104cb0aa8fd30a2e49191) Importer(815301076,1909f56bfc062723c751e8b465ee728b)
Start importing Assets/Course Library/Fonts/Exo_2/Exo2-Black.ttf using Guid(90adcf7050c104cb0aa8fd30a2e49191) Importer(815301076,1909f56bfc062723c751e8b465ee728b) [PhysX] Initialized MultithreadedTaskDispatcher with 2 workers.
[PhysX] Initialized MultithreadedTaskDispatcher with 2 workers.
[PhysX] Initialized MultithreadedTaskDispatcher with 2 workers.
 -> (artifact id: 'af410fa4f725aa08fab5924686dc7a63') in 0.053898 seconds
Number of updated asset objects reloaded before import = 0
Number of asset objects unloaded after import = 4
========================================================================
Received Import Request.
  Time since last request: 0.000057 seconds.
  path: Assets/TextMesh Pro/Shaders/TMP_SDF-Surface-Mobile.shader
  artifactKey: Guid(85187c2149c549c5b33f0cdb02836b17) Importer(2089858483,0ecaa5967403d082aa24f35e1b516d23)
Start importing Assets/TextMesh Pro/Shaders/TMP_SDF-Surface-Mobile.shader using Guid(85187c2149c549c5b33f0cdb02836b17) Importer(2089858483,0ecaa5967403d082aa24f35e1b516d23) [PhysX] Initialized MultithreadedTaskDispatcher with 2 workers.
 -> (artifact id: 'd3de6eb79f9469b3c30e23878ecf7a90') in 0.053948 seconds
Number of updated asset objects reloaded before import = 0
Number of asset objects unloaded after import = 1
========================================================================
Received Import Request.
  Time since last request: 0.000046 seconds.
  path: Assets/Prefabs/Good 1.prefab
  artifactKey: Guid(a37c5f4fa14ef3e43bd427b85b2952e4) Importer(2089858483,0ecaa5967403d082aa24f35e1b516d23)
Start importing Assets/Prefabs/Good 1.prefab using Guid(a37c5f4fa14ef3e43bd427b85b2952e4) Importer(2089858483,0ecaa5967403d082aa24f35e1b516d23) [PhysX] Initialized MultithreadedTaskDispatcher with 2 workers.
 -> (artifact id: '077e39568174200813e9f2576b8f6bd4') in 0.065641 seconds
Number of updated asset objects reloaded before import = 0
Number of asset objects unloaded after import = 16
========================================================================
Received Import Request.
  Time since last request: 0.000053 seconds.
  path: Assets/Course Library/Fonts/Roboto_Condensed/RobotoCondensed-LightItalic.ttf
  artifactKey: Guid(f4dd3cb20665b475e9f5912522f21d95) Importer(2089858483,0ecaa5967403d082aa24f35e1b516d23)
Start importing Assets/Course Library/Fonts/Roboto_Condensed/RobotoCondensed-LightItalic.ttf using Guid(f4dd3cb20665b475e9f5912522f21d95) Importer(2089858483,0ecaa5967403d082aa24f35e1b516d23) [PhysX] Initialized MultithreadedTaskDispatcher with 2 workers.
 -> (artifact id: 'a0576c5e3a6ebb861633c0be6bc598c4') in 0.055509 seconds
Number of updated asset objects reloaded before import = 0
Number of asset objects unloaded after import = 3
========================================================================
Received Import Request.
  Time since last request: 0.000060 seconds.
  path: Assets/Course Library/Fonts/Exo_2/Exo2-MediumItalic.ttf
  artifactKey: Guid(73c5c3792c4ec4d28816461c108c09ab) Importer(2089858483,0ecaa5967403d082aa24f35e1b516d23)
Start importing Assets/Course Library/Fonts/Exo_2/Exo2-MediumItalic.ttf using Guid(73c5c3792c4ec4d28816461c108c09ab) Importer(2089858483,0ecaa5967403d082aa24f35e1b516d23) [PhysX] Initialized MultithreadedTaskDispatcher with 2 workers.
 -> (artifact id: '166f0ff6de757bc3c41e481a97d2d52d') in 0.053260 seconds
Number of updated asset objects reloaded before import = 0
Number of asset objects unloaded after import = 3
========================================================================
Received Import Request.
  Time since last request: 0.000044 seconds.
  path: Assets/Course Library/Fonts/Margarine/OFL.txt
  artifactKey: Guid(12e06d1408bd1498c91c9f2809ec2dbc) Importer(2089858483,0ecaa5967403d082aa24f35e1b516d23)
Start importing Assets/Course Library/Fonts/Margarine/OFL.txt using Guid(12e06d1408bd1498c91c9f2809ec2dbc) Importer(2089858483,0ecaa5967403d082aa24f35e1b516d23) [PhysX] Initialized MultithreadedTaskDispatcher with 2 workers.
 -> (artifact id: '2f932fa48566e862a321805f51b955b6') in 0.067157 seconds
Number of updated asset objects reloaded before import = 0
Number of asset objects unloaded after import = 1
========================================================================
Received Import Request.
  Time since last request: 0.000042 seconds.
  path: Assets/Course Library/Textures/PolygonPrototype_Texture_Grid_08.png
  artifactKey: Guid(1d12fa396a3563b41b9ae11b0fb0b986) Importer(2089858483,0ecaa5967403d082aa24f35e1b516d23)
Start importing Assets/Course Library/Textures/PolygonPrototype_Texture_Grid_08.png using Guid(1d12fa396a3563b41b9ae11b0fb0b986) Importer(2089858483,0ecaa5967403d082aa24f35e1b516d23) [PhysX] Initialized MultithreadedTaskDispatcher with 2 workers.
 -> (artifact id: 'de0bcd8af31134f76ca86cc27972b81f') in 0.065964 seconds
Number of updated asset objects reloaded before import = 0
Number of asset objects unloaded after import = 1
========================================================================
Received Import Request.
  Time since last request: 0.000241 seconds.
  path: Assets/Course Library/Fonts/Roboto_Condensed/RobotoCondensed-BoldItalic.ttf
  artifactKey: Guid(1f95015840ec34a00bb2a9b6ac042a92) Importer(2089858483,0ecaa5967403d082aa24f35e1b516d23)
Start importing Assets/Course Library/Fonts/Roboto_Condensed/RobotoCondensed-BoldItalic.ttf using Guid(1f95015840ec34a00bb2a9b6ac042a92) Importer(2089858483,0ecaa5967403d082aa24f35e1b516d23) [PhysX] Initialized MultithreadedTaskDispatcher with 2 workers.
 -> (artifact id: '0be41b393d362ff070bc7a6c8c2e66c9') in 0.058361 seconds
Number of updated asset objects reloaded before import = 0
Number of asset objects unloaded after import = 3
========================================================================
Received Import Request.
  Time since last request: 0.000052 seconds.
  path: Assets/Course Library/Textures/PolygonPrototype_Texture_Grid_05.png
  artifactKey: Guid(8634f8cf5ba74134c972fb2d36355077) Importer(815301076,1909f56bfc062723c751e8b465ee728b)
Start importing Assets/Course Library/Textures/PolygonPrototype_Texture_Grid_05.png using Guid(8634f8cf5ba74134c972fb2d36355077) Importer(815301076,1909f56bfc062723c751e8b465ee728b) [PhysX] Initialized MultithreadedTaskDispatcher with 2 workers.
[PhysX] Initialized MultithreadedTaskDispatcher with 2 workers.
 -> (artifact id: '25f675f32a065d10baea1346b89115d2') in 0.046622 seconds
Number of updated asset objects reloaded before import = 0
Number of asset objects unloaded after import = 2
========================================================================
Received Import Request.
  Time since last request: 0.000071 seconds.
  path: Assets/Course Library/Fonts/Exo_2/Exo2-Medium.ttf
  artifactKey: Guid(2166c536fb3f3437a84ed2e583f883ef) Importer(2089858483,0ecaa5967403d082aa24f35e1b516d23)
Start importing Assets/Course Library/Fonts/Exo_2/Exo2-Medium.ttf using Guid(2166c536fb3f3437a84ed2e583f883ef) Importer(2089858483,0ecaa5967403d082aa24f35e1b516d23) [PhysX] Initialized MultithreadedTaskDispatcher with 2 workers.
 -> (artifact id: 'fdb08adf51634570cc0079e96345c85d') in 0.057826 seconds
Number of updated asset objects reloaded before import = 0
Number of asset objects unloaded after import = 3
========================================================================
Received Import Request.
  Time since last request: 0.001018 seconds.
  path: Assets/Course Library/Fonts/Exo_2/Exo2-SemiBoldItalic.ttf
  artifactKey: Guid(c40fa27c60b3c426f8eac511b6401ab2) Importer(2089858483,0ecaa5967403d082aa24f35e1b516d23)
Start importing Assets/Course Library/Fonts/Exo_2/Exo2-SemiBoldItalic.ttf using Guid(c40fa27c60b3c426f8eac511b6401ab2) Importer(2089858483,0ecaa5967403d082aa24f35e1b516d23) [PhysX] Initialized MultithreadedTaskDispatcher with 2 workers.
 -> (artifact id: '6fd7d8b718cf4392fe3a4bd031882ba7') in 0.069690 seconds
Number of updated asset objects reloaded before import = 0
Number of asset objects unloaded after import = 3
========================================================================
Received Prepare
Refreshing native plugins compatible for Editor in 34.79 ms, found 3 plugins.
Preloading 0 native plugins for Editor in 0.00 ms.
Unloading 0 Unused Serialized files (Serialized files now loaded: 0)
Unloading 1 unused Assets / (2.6 KB). Loaded Objects now: 3661.
Memory consumption went from 76.2 MB to 76.2 MB.
Total: 14.750200 ms (FindLiveObjects: 0.595000 ms CreateObjectMapping: 0.422900 ms MarkObjects: 13.375000 ms  DeleteObjects: 0.354300 ms)

Prepare: number of updated asset objects reloaded= 0
AssetImportParameters requested are different than current active one (requested -> active):
  custom:container-demuxer-ogg: 62fdf1f143b41e24485cea50d1cbac27 -> 
  custom:video-decoder-ogg-theora: a1e56fd34408186e4bbccfd4996cb3dc -> 
  custom:framework-win-MediaFoundation: 216162199b28c13a410421893ffa2e32 -> 
  custom:CustomObjectIndexerAttribute: 9a22284fe3817be447336de3de66b15e -> 
  custom:container-demuxer-webm: 4f35f7cbe854078d1ac9338744f61a02 -> 
  custom:container-muxer-webm: aa71ff27fc2769a1b78a27578f13a17b -> 
  custom:video-decoder-webm-vp8: 9c59270c3fd7afecdb556c50c9e8de78 -> 
  custom:SearchIndexIgnoredProperties: e643bd26f0fe6173181afceb89e7c659 -> 
  custom:AudioImporter_EditorPlatform: d09bf68614088b80899f8185d706f6e7 -> 
  custom:video-encoder-webm-vp8: eb34c28f22e8b96e1ab97ce403110664 -> 
  custom:audio-decoder-ogg-vorbis: bf7c407c2cedff20999df2af8eb42d56 -> 
  custom:audio-encoder-webm-vorbis: bf7c407c2cedff20999df2af8eb42d56 -> 
========================================================================
Received Import Request.
  Time since last request: 125.421864 seconds.
  path: Assets/Course Library/Fonts/Roboto_Condensed/RobotoCondensed-Regular.ttf
  artifactKey: Guid(e2121349a490b4d31ac3da78eac2ad83) Importer(2089858483,0ecaa5967403d082aa24f35e1b516d23)
Start importing Assets/Course Library/Fonts/Roboto_Condensed/RobotoCondensed-Regular.ttf using Guid(e2121349a490b4d31ac3da78eac2ad83) Importer(2089858483,0ecaa5967403d082aa24f35e1b516d23) [PhysX] Initialized MultithreadedTaskDispatcher with 2 workers.
 -> (artifact id: '45cc6d4f59dadbe99ab0286be2d534c5') in 10.412285 seconds
Number of updated asset objects reloaded before import = 0
Number of asset objects unloaded after import = 3
========================================================================
Received Import Request.
  Time since last request: 0.001377 seconds.
  path: Assets/TextMesh Pro/Resources/Fonts & Materials/LiberationSans SDF - Drop Shadow.mat
  artifactKey: Guid(e73a58f6e2794ae7b1b7e50b7fb811b0) Importer(2089858483,0ecaa5967403d082aa24f35e1b516d23)
Start importing Assets/TextMesh Pro/Resources/Fonts & Materials/LiberationSans SDF - Drop Shadow.mat using Guid(e73a58f6e2794ae7b1b7e50b7fb811b0) Importer(2089858483,0ecaa5967403d082aa24f35e1b516d23) [PhysX] Initialized MultithreadedTaskDispatcher with 2 workers.
 -> (artifact id: '8eac5c3aa4ca3da5286368c3ecf8da34') in 0.366770 seconds
Number of updated asset objects reloaded before import = 0
Number of asset objects unloaded after import = 2
========================================================================
Received Import Request.
  Time since last request: 0.018430 seconds.
  path: Assets/Course Library/_Source_Files/Materials/SimpleShopInteriors.mat
  artifactKey: Guid(b243f1f84ea457945900d7c80e573112) Importer(2089858483,0ecaa5967403d082aa24f35e1b516d23)
Start importing Assets/Course Library/_Source_Files/Materials/SimpleShopInteriors.mat using Guid(b243f1f84ea457945900d7c80e573112) Importer(2089858483,0ecaa5967403d082aa24f35e1b516d23) [PhysX] Initialized MultithreadedTaskDispatcher with 2 workers.
 -> (artifact id: 'f6ceb65b3ffdf2843e99466bf90f83ae') in 0.678120 seconds
Number of updated asset objects reloaded before import = 0
Number of asset objects unloaded after import = 2
========================================================================
Received Import Request.
  Time since last request: 0.002374 seconds.
  path: Assets/Course Library/Props/Bad/Skull_01.prefab
  artifactKey: Guid(1aeca1bd9f707c245a80c7f103d235f9) Importer(2089858483,0ecaa5967403d082aa24f35e1b516d23)
Start importing Assets/Course Library/Props/Bad/Skull_01.prefab using Guid(1aeca1bd9f707c245a80c7f103d235f9) Importer(2089858483,0ecaa5967403d082aa24f35e1b516d23) [PhysX] Initialized MultithreadedTaskDispatcher with 2 workers.
 -> (artifact id: 'd900afa70cda8b71b254da1946369626') in 0.172703 seconds
Number of updated asset objects reloaded before import = 0
Number of asset objects unloaded after import = 7
========================================================================
Received Import Request.
  Time since last request: 0.011530 seconds.
  path: Assets/Course Library/_Source_Files/FBX/SI_FireIcon.fbx
  artifactKey: Guid(31e6dd0b1a83d2545a63dfc9ef21c42f) Importer(2089858483,0ecaa5967403d082aa24f35e1b516d23)
Start importing Assets/Course Library/_Source_Files/FBX/SI_FireIcon.fbx using Guid(31e6dd0b1a83d2545a63dfc9ef21c42f) Importer(2089858483,0ecaa5967403d082aa24f35e1b516d23) [PhysX] Initialized MultithreadedTaskDispatcher with 2 workers.
 -> (artifact id: '7e3a8c4d6dd8b4836e014672ffc2071c') in 5.339843 seconds
Number of updated asset objects reloaded before import = 0
Number of asset objects unloaded after import = 7
========================================================================
Received Import Request.
  Time since last request: 0.085791 seconds.
  path: Assets/Course Library/Props/Balls/Ball_Cricket.prefab
  artifactKey: Guid(98b342dd18e69a346a6594879cc0c5ce) Importer(2089858483,0ecaa5967403d082aa24f35e1b516d23)
Start importing Assets/Course Library/Props/Balls/Ball_Cricket.prefab using Guid(98b342dd18e69a346a6594879cc0c5ce) Importer(2089858483,0ecaa5967403d082aa24f35e1b516d23) [PhysX] Initialized MultithreadedTaskDispatcher with 2 workers.
 -> (artifact id: 'd90b855afd7af9c6b26bbd350178b517') in 0.117732 seconds
Number of updated asset objects reloaded before import = 0
Number of asset objects unloaded after import = 7
========================================================================
Received Import Request.
  Time since last request: 0.000906 seconds.
  path: Assets/Course Library/_Source_Files/FBX/SM_Prop_Crate_01.fbx
  artifactKey: Guid(6a1c3c31ad20ee24c837e6aad1e22d80) Importer(2089858483,0ecaa5967403d082aa24f35e1b516d23)
Start importing Assets/Course Library/_Source_Files/FBX/SM_Prop_Crate_01.fbx using Guid(6a1c3c31ad20ee24c837e6aad1e22d80) Importer(2089858483,0ecaa5967403d082aa24f35e1b516d23) [PhysX] Initialized MultithreadedTaskDispatcher with 2 workers.
 -> (artifact id: '2130d87ae6747d9b95db4540c7722146') in 0.140795 seconds
Number of updated asset objects reloaded before import = 0
Number of asset objects unloaded after import = 7
========================================================================
Received Import Request.
  Time since last request: 0.001161 seconds.
  path: Assets/Course Library/Props/Food/Food_Organic_Pear_02.prefab
  artifactKey: Guid(4949a22a2c444b0459d7289aae77be28) Importer(2089858483,0ecaa5967403d082aa24f35e1b516d23)
Start importing Assets/Course Library/Props/Food/Food_Organic_Pear_02.prefab using Guid(4949a22a2c444b0459d7289aae77be28) Importer(2089858483,0ecaa5967403d082aa24f35e1b516d23) [PhysX] Initialized MultithreadedTaskDispatcher with 2 workers.
 -> (artifact id: 'bea78f03069eb128fb0334982f4da1df') in 0.125518 seconds
Number of updated asset objects reloaded before import = 0
Number of asset objects unloaded after import = 7
========================================================================
Received Import Request.
  Time since last request: 0.001183 seconds.
  path: Assets/Course Library/_Source_Files/Textures/SimpleDogs.png
  artifactKey: Guid(9430bf83a61e53642891d8823882b08c) Importer(2089858483,0ecaa5967403d082aa24f35e1b516d23)
Start importing Assets/Course Library/_Source_Files/Textures/SimpleDogs.png using Guid(9430bf83a61e53642891d8823882b08c) Importer(2089858483,0ecaa5967403d082aa24f35e1b516d23) [PhysX] Initialized MultithreadedTaskDispatcher with 2 workers.
 -> (artifact id: 'cfecd2a0344ad2549cc871589b629a5a') in 0.138250 seconds
Number of updated asset objects reloaded before import = 0
Number of asset objects unloaded after import = 1
========================================================================
Received Import Request.
  Time since last request: 0.000616 seconds.
  path: Assets/Course Library/_Source_Files/Materials/PolygonCity_Mat_01_A.mat
  artifactKey: Guid(62e25ef75a2216f418d06453c9ad15cb) Importer(2089858483,0ecaa5967403d082aa24f35e1b516d23)
Start importing Assets/Course Library/_Source_Files/Materials/PolygonCity_Mat_01_A.mat using Guid(62e25ef75a2216f418d06453c9ad15cb) Importer(2089858483,0ecaa5967403d082aa24f35e1b516d23) [PhysX] Initialized MultithreadedTaskDispatcher with 2 workers.
 -> (artifact id: '4d5a320c79a70d3e31813e328f55f170') in 0.141795 seconds
Number of updated asset objects reloaded before import = 0
Number of asset objects unloaded after import = 5
========================================================================
Received Import Request.
  Time since last request: 0.001473 seconds.
  path: Assets/Course Library/_Source_Files/Textures/PolygonCity_Texture_Normal.png
  artifactKey: Guid(b993ae890161b184188e417d77e0e1a3) Importer(2089858483,0ecaa5967403d082aa24f35e1b516d23)
Start importing Assets/Course Library/_Source_Files/Textures/PolygonCity_Texture_Normal.png using Guid(b993ae890161b184188e417d77e0e1a3) Importer(2089858483,0ecaa5967403d082aa24f35e1b516d23) [PhysX] Initialized MultithreadedTaskDispatcher with 2 workers.
 -> (artifact id: 'ede553cae673076ae5b1cdc9ca395ba7') in 0.076454 seconds
Number of updated asset objects reloaded before import = 0
Number of asset objects unloaded after import = 1
========================================================================
Received Import Request.
  Time since last request: 0.000674 seconds.
  path: Assets/Course Library/_Source_Files/Textures/SumoBalls.png
  artifactKey: Guid(bc6f15befefa03546a583706345f1d59) Importer(2089858483,0ecaa5967403d082aa24f35e1b516d23)
Start importing Assets/Course Library/_Source_Files/Textures/SumoBalls.png using Guid(bc6f15befefa03546a583706345f1d59) Importer(2089858483,0ecaa5967403d082aa24f35e1b516d23) [PhysX] Initialized MultithreadedTaskDispatcher with 2 workers.
 -> (artifact id: 'f07485b6c93b264a251aa329baef713a') in 0.108311 seconds
Number of updated asset objects reloaded before import = 0
Number of asset objects unloaded after import = 1
========================================================================
Received Import Request.
  Time since last request: 0.000387 seconds.
  path: Assets/Course Library/_Source_Files/Textures/PolygonPrototype_Texture_04.png
  artifactKey: Guid(56d0dcfd4f388074b86b2ca24191e027) Importer(2089858483,0ecaa5967403d082aa24f35e1b516d23)
Start importing Assets/Course Library/_Source_Files/Textures/PolygonPrototype_Texture_04.png using Guid(56d0dcfd4f388074b86b2ca24191e027) Importer(2089858483,0ecaa5967403d082aa24f35e1b516d23) [PhysX] Initialized MultithreadedTaskDispatcher with 2 workers.
 -> (artifact id: '48ca21797e936086b688fe3537748a5f') in 0.089754 seconds
Number of updated asset objects reloaded before import = 0
Number of asset objects unloaded after import = 1
========================================================================
Received Import Request.
  Time since last request: 0.000436 seconds.
  path: Assets/Course Library/Props/Food/Food_Steak_01.prefab
  artifactKey: Guid(9f063c5e5835cbd4b8dc54a6c0b45db4) Importer(2089858483,0ecaa5967403d082aa24f35e1b516d23)
Start importing Assets/Course Library/Props/Food/Food_Steak_01.prefab using Guid(9f063c5e5835cbd4b8dc54a6c0b45db4) Importer(2089858483,0ecaa5967403d082aa24f35e1b516d23) [PhysX] Initialized MultithreadedTaskDispatcher with 2 workers.
 -> (artifact id: '4cda2134f087de1a6eb4bd4828cff88d') in 0.149036 seconds
Number of updated asset objects reloaded before import = 0
Number of asset objects unloaded after import = 7
========================================================================
Received Import Request.
  Time since last request: 0.000369 seconds.
  path: Assets/Course Library/_Source_Files/Materials/SimpleIcons.mat
  artifactKey: Guid(9c0880e4cd8a8704e82b6940624b569a) Importer(2089858483,0ecaa5967403d082aa24f35e1b516d23)
Start importing Assets/Course Library/_Source_Files/Materials/SimpleIcons.mat using Guid(9c0880e4cd8a8704e82b6940624b569a) Importer(2089858483,0ecaa5967403d082aa24f35e1b516d23) [PhysX] Initialized MultithreadedTaskDispatcher with 2 workers.
 -> (artifact id: 'bf9ac83b40d381d8166cd7f05e331cab') in 0.742781 seconds
Number of updated asset objects reloaded before import = 0
Number of asset objects unloaded after import = 2
========================================================================
Received Import Request.
  Time since last request: 0.004374 seconds.
  path: Assets/Course Library/_Source_Files/FBX/SM_Primitive_Cube_01.fbx
  artifactKey: Guid(2d56fe2ad841a4f429c64626c08eaae5) Importer(2089858483,0ecaa5967403d082aa24f35e1b516d23)
Start importing Assets/Course Library/_Source_Files/FBX/SM_Primitive_Cube_01.fbx using Guid(2d56fe2ad841a4f429c64626c08eaae5) Importer(2089858483,0ecaa5967403d082aa24f35e1b516d23) [PhysX] Initialized MultithreadedTaskDispatcher with 2 workers.
 -> (artifact id: 'c106a12512dab00b60bbfe14f6d350ca') in 0.135407 seconds
Number of updated asset objects reloaded before import = 0
Number of asset objects unloaded after import = 7
========================================================================
Received Import Request.
  Time since last request: 0.000456 seconds.
  path: Assets/Course Library/_Source_Files/Textures/SimpleShopInterior_Texture.png
  artifactKey: Guid(9feefa8c65de5d748bcef29e7e150c3a) Importer(2089858483,0ecaa5967403d082aa24f35e1b516d23)
Start importing Assets/Course Library/_Source_Files/Textures/SimpleShopInterior_Texture.png using Guid(9feefa8c65de5d748bcef29e7e150c3a) Importer(2089858483,0ecaa5967403d082aa24f35e1b516d23) [PhysX] Initialized MultithreadedTaskDispatcher with 2 workers.
 -> (artifact id: '5d13c1d328f6a69a5c568715b4bb9a11') in 0.117517 seconds
Number of updated asset objects reloaded before import = 0
Number of asset objects unloaded after import = 1
========================================================================
Received Import Request.
  Time since last request: 0.001458 seconds.
  path: Assets/Course Library/Props/Other/Crate_Question_01.prefab
  artifactKey: Guid(d19c36dc5f97d444fa54380cf09bd828) Importer(2089858483,0ecaa5967403d082aa24f35e1b516d23)
Start importing Assets/Course Library/Props/Other/Crate_Question_01.prefab using Guid(d19c36dc5f97d444fa54380cf09bd828) Importer(2089858483,0ecaa5967403d082aa24f35e1b516d23) [PhysX] Initialized MultithreadedTaskDispatcher with 2 workers.
 -> (artifact id: '0130fcbd583d7ab12e5b4e577e967af0') in 0.130917 seconds
Number of updated asset objects reloaded before import = 0
Number of asset objects unloaded after import = 7
========================================================================
Received Import Request.
  Time since last request: 0.000914 seconds.
  path: Assets/Course Library/_Source_Files/FBX/SI_RadiationIcon.fbx
  artifactKey: Guid(658d96199cc7d3b4880fa76714523436) Importer(2089858483,0ecaa5967403d082aa24f35e1b516d23)
Start importing Assets/Course Library/_Source_Files/FBX/SI_RadiationIcon.fbx using Guid(658d96199cc7d3b4880fa76714523436) Importer(2089858483,0ecaa5967403d082aa24f35e1b516d23) [PhysX] Initialized MultithreadedTaskDispatcher with 2 workers.
 -> (artifact id: '2d6d4dae6880fc9be3987af4fe02f22d') in 0.130144 seconds
Number of updated asset objects reloaded before import = 0
Number of asset objects unloaded after import = 7
========================================================================
Received Import Request.
  Time since last request: 0.000833 seconds.
  path: Assets/Course Library/Props/Food/Food_Organic_Apple_03.prefab
  artifactKey: Guid(c2f4b43f266dc11439efef86830dafb4) Importer(2089858483,0ecaa5967403d082aa24f35e1b516d23)
Start importing Assets/Course Library/Props/Food/Food_Organic_Apple_03.prefab using Guid(c2f4b43f266dc11439efef86830dafb4) Importer(2089858483,0ecaa5967403d082aa24f35e1b516d23) [PhysX] Initialized MultithreadedTaskDispatcher with 2 workers.
 -> (artifact id: '151f013f6607263bf776d52b0bac3e04') in 0.167051 seconds
Number of updated asset objects reloaded before import = 0
Number of asset objects unloaded after import = 7
========================================================================
Received Import Request.
  Time since last request: 0.001827 seconds.
  path: Assets/Course Library/Props/Food/Food_Cookie_01.prefab
  artifactKey: Guid(10d25933610222845ad3760a855829c4) Importer(2089858483,0ecaa5967403d082aa24f35e1b516d23)
Start importing Assets/Course Library/Props/Food/Food_Cookie_01.prefab using Guid(10d25933610222845ad3760a855829c4) Importer(2089858483,0ecaa5967403d082aa24f35e1b516d23) [PhysX] Initialized MultithreadedTaskDispatcher with 2 workers.
 -> (artifact id: 'cbaf50f58cc58add32ee50d3c0511dbf') in 0.090808 seconds
Number of updated asset objects reloaded before import = 0
Number of asset objects unloaded after import = 7
========================================================================
Received Import Request.
  Time since last request: 0.000989 seconds.
  path: Assets/Course Library/_Source_Files/FBX/Items_Cookie_01.fbx
  artifactKey: Guid(d2d314c911e4af5408b077dfed69013d) Importer(2089858483,0ecaa5967403d082aa24f35e1b516d23)
Start importing Assets/Course Library/_Source_Files/FBX/Items_Cookie_01.fbx using Guid(d2d314c911e4af5408b077dfed69013d) Importer(2089858483,0ecaa5967403d082aa24f35e1b516d23) [PhysX] Initialized MultithreadedTaskDispatcher with 2 workers.
 -> (artifact id: 'a158ab6ed504b59098fa70bce300bbab') in 0.095491 seconds
Number of updated asset objects reloaded before import = 0
Number of asset objects unloaded after import = 7
========================================================================
Received Import Request.
  Time since last request: 0.001664 seconds.
  path: Assets/Course Library/_Source_Files/FBX/SM_Item_Ball_Soccer_01.fbx
  artifactKey: Guid(0779dbb263c79eb42a856eeb83797719) Importer(2089858483,0ecaa5967403d082aa24f35e1b516d23)
Start importing Assets/Course Library/_Source_Files/FBX/SM_Item_Ball_Soccer_01.fbx using Guid(0779dbb263c79eb42a856eeb83797719) Importer(2089858483,0ecaa5967403d082aa24f35e1b516d23) [PhysX] Initialized MultithreadedTaskDispatcher with 2 workers.
 -> (artifact id: '0e7ff497aebdcb6ff35156bbec0036e2') in 0.117636 seconds
Number of updated asset objects reloaded before import = 0
Number of asset objects unloaded after import = 7
========================================================================
Received Import Request.
  Time since last request: 0.000782 seconds.
  path: Assets/Course Library/_Source_Files/FBX/SM_Prop_Barrel_01.fbx
  artifactKey: Guid(270efc4fb3c7ef74cb77f88b77cefaa1) Importer(2089858483,0ecaa5967403d082aa24f35e1b516d23)
Start importing Assets/Course Library/_Source_Files/FBX/SM_Prop_Barrel_01.fbx using Guid(270efc4fb3c7ef74cb77f88b77cefaa1) Importer(2089858483,0ecaa5967403d082aa24f35e1b516d23) [PhysX] Initialized MultithreadedTaskDispatcher with 2 workers.
 -> (artifact id: '0f28550581ef7d5b8fcc751f61101105') in 0.112452 seconds
Number of updated asset objects reloaded before import = 0
Number of asset objects unloaded after import = 7
========================================================================
Received Import Request.
  Time since last request: 0.000401 seconds.
  path: Assets/Course Library/Props/Food/Food_Wine_01.prefab
  artifactKey: Guid(ca03aa5ab3af9f147aa60e7b8d131fe3) Importer(2089858483,0ecaa5967403d082aa24f35e1b516d23)
Start importing Assets/Course Library/Props/Food/Food_Wine_01.prefab using Guid(ca03aa5ab3af9f147aa60e7b8d131fe3) Importer(2089858483,0ecaa5967403d082aa24f35e1b516d23) [PhysX] Initialized MultithreadedTaskDispatcher with 2 workers.
 -> (artifact id: '25706ab578bd23c5d7c91562577403d1') in 0.071481 seconds
Number of updated asset objects reloaded before import = 0
Number of asset objects unloaded after import = 7
========================================================================
Received Import Request.
  Time since last request: 0.007153 seconds.
  path: Assets/Course Library/_Source_Files/Scripts/DestroyAfterDelay.cs
  artifactKey: Guid(f5b4d8977842d4495a74efdf63299158) Importer(2089858483,0ecaa5967403d082aa24f35e1b516d23)
Start importing Assets/Course Library/_Source_Files/Scripts/DestroyAfterDelay.cs using Guid(f5b4d8977842d4495a74efdf63299158) Importer(2089858483,0ecaa5967403d082aa24f35e1b516d23) [PhysX] Initialized MultithreadedTaskDispatcher with 2 workers.
 -> (artifact id: 'f3bffbea2f0a8b183dc59596b015c196') in 0.103446 seconds
Number of updated asset objects reloaded before import = 0
Number of asset objects unloaded after import = 1
========================================================================
Received Import Request.
  Time since last request: 0.001791 seconds.
  path: Assets/Course Library/_Source_Files/Materials/MilitaryProps.mat
  artifactKey: Guid(af9d3101091f90d4db78a2097d5dcb84) Importer(2089858483,0ecaa5967403d082aa24f35e1b516d23)
Start importing Assets/Course Library/_Source_Files/Materials/MilitaryProps.mat using Guid(af9d3101091f90d4db78a2097d5dcb84) Importer(2089858483,0ecaa5967403d082aa24f35e1b516d23) [PhysX] Initialized MultithreadedTaskDispatcher with 2 workers.
 -> (artifact id: '650aebe90bf64390a731aff78715a20d') in 0.149004 seconds
Number of updated asset objects reloaded before import = 0
Number of asset objects unloaded after import = 2
========================================================================
Received Import Request.
  Time since last request: 0.001159 seconds.
  path: Assets/Course Library/_Source_Files/Materials/lambert1.mat
  artifactKey: Guid(755a8ab3a8f607b4eb3106d48b449755) Importer(2089858483,0ecaa5967403d082aa24f35e1b516d23)
Start importing Assets/Course Library/_Source_Files/Materials/lambert1.mat using Guid(755a8ab3a8f607b4eb3106d48b449755) Importer(2089858483,0ecaa5967403d082aa24f35e1b516d23) [PhysX] Initialized MultithreadedTaskDispatcher with 2 workers.
 -> (artifact id: '493c052122d2aa74f522a5ee28295b98') in 0.088763 seconds
Number of updated asset objects reloaded before import = 0
Number of asset objects unloaded after import = 1
========================================================================
Received Import Request.
  Time since last request: 0.000886 seconds.
  path: Assets/Course Library/_Source_Files/SimpleFX/Materials/UnlitVertexColour_Alpha.shader
  artifactKey: Guid(125f31ba4cdefb2469a075f509877b02) Importer(2089858483,0ecaa5967403d082aa24f35e1b516d23)
Start importing Assets/Course Library/_Source_Files/SimpleFX/Materials/UnlitVertexColour_Alpha.shader using Guid(125f31ba4cdefb2469a075f509877b02) Importer(2089858483,0ecaa5967403d082aa24f35e1b516d23) [PhysX] Initialized MultithreadedTaskDispatcher with 2 workers.
 -> (artifact id: '1e5180e2a1db92ea2ff3f8dc643526bf') in 0.043729 seconds
Number of updated asset objects reloaded before import = 0
Number of asset objects unloaded after import = 1
========================================================================
Received Import Request.
  Time since last request: 0.000694 seconds.
  path: Assets/Course Library/_Source_Files/Textures/PolygonCity_Texture_01_A.png
  artifactKey: Guid(fbde5f73f39181f4d9c7e24c34f0bdf8) Importer(2089858483,0ecaa5967403d082aa24f35e1b516d23)
Start importing Assets/Course Library/_Source_Files/Textures/PolygonCity_Texture_01_A.png using Guid(fbde5f73f39181f4d9c7e24c34f0bdf8) Importer(2089858483,0ecaa5967403d082aa24f35e1b516d23) [PhysX] Initialized MultithreadedTaskDispatcher with 2 workers.
 -> (artifact id: 'e7be411fac123d3d82d3c56dd6528ffc') in 0.090886 seconds
Number of updated asset objects reloaded before import = 0
Number of asset objects unloaded after import = 1
========================================================================
Received Import Request.
  Time since last request: 0.001081 seconds.
  path: Assets/Course Library/_Source_Files/FBX/Ball_Cricket.fbx
  artifactKey: Guid(0809ffbe01df7be48825f622dc36e370) Importer(2089858483,0ecaa5967403d082aa24f35e1b516d23)
Start importing Assets/Course Library/_Source_Files/FBX/Ball_Cricket.fbx using Guid(0809ffbe01df7be48825f622dc36e370) Importer(2089858483,0ecaa5967403d082aa24f35e1b516d23) [PhysX] Initialized MultithreadedTaskDispatcher with 2 workers.
 -> (artifact id: '80f09260e7d1230c69970e83cd290693') in 0.068144 seconds
Number of updated asset objects reloaded before import = 0
Number of asset objects unloaded after import = 7
========================================================================
Received Import Request.
  Time since last request: 0.000536 seconds.
  path: Assets/Course Library/_Source_Files/FBX/Items_Wine_01.fbx
  artifactKey: Guid(f9c04ce17e1bea441a2dde5505e10ed5) Importer(2089858483,0ecaa5967403d082aa24f35e1b516d23)
Start importing Assets/Course Library/_Source_Files/FBX/Items_Wine_01.fbx using Guid(f9c04ce17e1bea441a2dde5505e10ed5) Importer(2089858483,0ecaa5967403d082aa24f35e1b516d23) [PhysX] Initialized MultithreadedTaskDispatcher with 2 workers.
 -> (artifact id: '6f26a9577288ef505e51b3f9963ffbd8') in 0.093637 seconds
Number of updated asset objects reloaded before import = 0
Number of asset objects unloaded after import = 7
========================================================================
Received Import Request.
  Time since last request: 0.000677 seconds.
  path: Assets/Course Library/_Source_Files/FBX/SI_Food_Organic_Carrot.fbx
  artifactKey: Guid(7f76d896f2cc25048b6175b2d696a4c6) Importer(2089858483,0ecaa5967403d082aa24f35e1b516d23)
Start importing Assets/Course Library/_Source_Files/FBX/SI_Food_Organic_Carrot.fbx using Guid(7f76d896f2cc25048b6175b2d696a4c6) Importer(2089858483,0ecaa5967403d082aa24f35e1b516d23) [PhysX] Initialized MultithreadedTaskDispatcher with 2 workers.
 -> (artifact id: '3a46d600366fdd5c6bbd1bc278c9d3b7') in 1.570771 seconds
Number of updated asset objects reloaded before import = 0
Number of asset objects unloaded after import = 7
========================================================================
Received Import Request.
  Time since last request: 0.018986 seconds.
  path: Assets/Course Library/_Source_Files/Textures/PolygonCity_Texture_Metallic.tga
  artifactKey: Guid(2da74f2130b2ca74faacbcaaa83c5a44) Importer(2089858483,0ecaa5967403d082aa24f35e1b516d23)
Start importing Assets/Course Library/_Source_Files/Textures/PolygonCity_Texture_Metallic.tga using Guid(2da74f2130b2ca74faacbcaaa83c5a44) Importer(2089858483,0ecaa5967403d082aa24f35e1b516d23) [PhysX] Initialized MultithreadedTaskDispatcher with 2 workers.
 -> (artifact id: 'd12bae4e5777fc1a216393c63f6eab8b') in 0.098411 seconds
Number of updated asset objects reloaded before import = 0
Number of asset objects unloaded after import = 1
========================================================================
Received Import Request.
  Time since last request: 0.000375 seconds.
  path: Assets/Course Library/_Source_Files/FBX/SM_Prop_Barrel_02.fbx
  artifactKey: Guid(bc0208005b6890d44994050c677eb13f) Importer(2089858483,0ecaa5967403d082aa24f35e1b516d23)
Start importing Assets/Course Library/_Source_Files/FBX/SM_Prop_Barrel_02.fbx using Guid(bc0208005b6890d44994050c677eb13f) Importer(2089858483,0ecaa5967403d082aa24f35e1b516d23) [PhysX] Initialized MultithreadedTaskDispatcher with 2 workers.
 -> (artifact id: '82496193cfec38befab7d185437799c8') in 0.120098 seconds
Number of updated asset objects reloaded before import = 0
Number of asset objects unloaded after import = 7
========================================================================
Received Import Request.
  Time since last request: 0.002224 seconds.
  path: Assets/Course Library/Props/Other/Crate_01.prefab
  artifactKey: Guid(71782582b9d2cac4cba5251a3b767d13) Importer(2089858483,0ecaa5967403d082aa24f35e1b516d23)
Start importing Assets/Course Library/Props/Other/Crate_01.prefab using Guid(71782582b9d2cac4cba5251a3b767d13) Importer(2089858483,0ecaa5967403d082aa24f35e1b516d23) [PhysX] Initialized MultithreadedTaskDispatcher with 2 workers.
 -> (artifact id: 'cdf0ef415a35dd613a1307b6b22ec48f') in 0.140952 seconds
Number of updated asset objects reloaded before import = 0
Number of asset objects unloaded after import = 7
========================================================================
Received Import Request.
  Time since last request: 0.001267 seconds.
  path: Assets/Course Library/_Source_Files/Materials/PolygonCity_Texture_01_A.mat
  artifactKey: Guid(f846a97524f98f44bae9b13d72a2fc49) Importer(2089858483,0ecaa5967403d082aa24f35e1b516d23)
Start importing Assets/Course Library/_Source_Files/Materials/PolygonCity_Texture_01_A.mat using Guid(f846a97524f98f44bae9b13d72a2fc49) Importer(2089858483,0ecaa5967403d082aa24f35e1b516d23) [PhysX] Initialized MultithreadedTaskDispatcher with 2 workers.
 -> (artifact id: '49329a08b715940d99f4b015d9fb3680') in 0.439470 seconds
Number of updated asset objects reloaded before import = 0
Number of asset objects unloaded after import = 2
========================================================================
Received Import Request.
  Time since last request: 0.000542 seconds.
  path: Assets/Course Library/_Source_Files/FBX/SI_Food_Organic_Pear_02.fbx
  artifactKey: Guid(fac3f861a349d484a91061b9ed7aa40d) Importer(2089858483,0ecaa5967403d082aa24f35e1b516d23)
Start importing Assets/Course Library/_Source_Files/FBX/SI_Food_Organic_Pear_02.fbx using Guid(fac3f861a349d484a91061b9ed7aa40d) Importer(2089858483,0ecaa5967403d082aa24f35e1b516d23) [PhysX] Initialized MultithreadedTaskDispatcher with 2 workers.
 -> (artifact id: '78834111fdf0337d6ad205966cff4f69') in 0.103930 seconds
Number of updated asset objects reloaded before import = 0
Number of asset objects unloaded after import = 7
========================================================================
Received Import Request.
  Time since last request: 0.000424 seconds.
  path: Assets/Course Library/_Source_Files/FBX/SM_Prop_Bomb_01.fbx
  artifactKey: Guid(5b0eedd9207590f40b02a2b89172c391) Importer(2089858483,0ecaa5967403d082aa24f35e1b516d23)
Start importing Assets/Course Library/_Source_Files/FBX/SM_Prop_Bomb_01.fbx using Guid(5b0eedd9207590f40b02a2b89172c391) Importer(2089858483,0ecaa5967403d082aa24f35e1b516d23) [PhysX] Initialized MultithreadedTaskDispatcher with 2 workers.
 -> (artifact id: '70cf22ffd05ea91a6c4359c5fb43b987') in 0.190116 seconds
Number of updated asset objects reloaded before import = 0
Number of asset objects unloaded after import = 9
========================================================================
Received Import Request.
  Time since last request: 0.057165 seconds.
  path: Assets/Course Library/_Source_Files/FBX/Items_Sandwich_01.fbx
  artifactKey: Guid(029157f85720f7749bec0a7d852a5894) Importer(2089858483,0ecaa5967403d082aa24f35e1b516d23)
Start importing Assets/Course Library/_Source_Files/FBX/Items_Sandwich_01.fbx using Guid(029157f85720f7749bec0a7d852a5894) Importer(2089858483,0ecaa5967403d082aa24f35e1b516d23) [PhysX] Initialized MultithreadedTaskDispatcher with 2 workers.
 -> (artifact id: '44701f7f300b3bed1b932236d6d632bc') in 2.170000 seconds
Number of updated asset objects reloaded before import = 0
Number of asset objects unloaded after import = 7
========================================================================
Received Import Request.
  Time since last request: 0.002951 seconds.
  path: Assets/TextMesh Pro/Resources/Fonts & Materials/LiberationSans SDF - Outline.mat
  artifactKey: Guid(79459efec17a4d00a321bdcc27bbc385) Importer(2089858483,0ecaa5967403d082aa24f35e1b516d23)
Start importing Assets/TextMesh Pro/Resources/Fonts & Materials/LiberationSans SDF - Outline.mat using Guid(79459efec17a4d00a321bdcc27bbc385) Importer(2089858483,0ecaa5967403d082aa24f35e1b516d23) [PhysX] Initialized MultithreadedTaskDispatcher with 2 workers.
 -> (artifact id: 'e08a958350219b1443809acaa09d5e7d') in 0.339938 seconds
Number of updated asset objects reloaded before import = 0
Number of asset objects unloaded after import = 2
========================================================================
Received Import Request.
  Time since last request: 0.055785 seconds.
  path: Assets/Course Library/_Source_Files/Materials/SumoBalls_Material_Shiny.mat
  artifactKey: Guid(0f9d505bf2ec96147b48ce4900e112ca) Importer(2089858483,0ecaa5967403d082aa24f35e1b516d23)
Start importing Assets/Course Library/_Source_Files/Materials/SumoBalls_Material_Shiny.mat using Guid(0f9d505bf2ec96147b48ce4900e112ca) Importer(2089858483,0ecaa5967403d082aa24f35e1b516d23) [PhysX] Initialized MultithreadedTaskDispatcher with 2 workers.
 -> (artifact id: '16e5fd796b541e962179e828c7553198') in 0.109132 seconds
Number of updated asset objects reloaded before import = 0
Number of asset objects unloaded after import = 2
========================================================================
Received Import Request.
  Time since last request: 0.000693 seconds.
  path: Assets/Course Library/_Source_Files/Materials/PolygonPrototype_Texture_04.mat
  artifactKey: Guid(7d22fc6b9a431b043a917fb89a80bcfc) Importer(2089858483,0ecaa5967403d082aa24f35e1b516d23)
Start importing Assets/Course Library/_Source_Files/Materials/PolygonPrototype_Texture_04.mat using Guid(7d22fc6b9a431b043a917fb89a80bcfc) Importer(2089858483,0ecaa5967403d082aa24f35e1b516d23) [PhysX] Initialized MultithreadedTaskDispatcher with 2 workers.
 -> (artifact id: '86d7dce57facab063630c3e5ae66ff3a') in 4.061884 seconds
Number of updated asset objects reloaded before import = 0
Number of asset objects unloaded after import = 2
========================================================================
Received Import Request.
  Time since last request: 0.061269 seconds.
  path: Assets/Course Library/_Source_Files/Textures/Emissive_01.png
  artifactKey: Guid(ed8c76cfaa7f4f04da86bd288543e61c) Importer(2089858483,0ecaa5967403d082aa24f35e1b516d23)
Start importing Assets/Course Library/_Source_Files/Textures/Emissive_01.png using Guid(ed8c76cfaa7f4f04da86bd288543e61c) Importer(2089858483,0ecaa5967403d082aa24f35e1b516d23) [PhysX] Initialized MultithreadedTaskDispatcher with 2 workers.
 -> (artifact id: 'c27ea7a54ea6697df16370369e3a9deb') in 0.131447 seconds
Number of updated asset objects reloaded before import = 0
Number of asset objects unloaded after import = 1
========================================================================
Received Import Request.
  Time since last request: 0.000424 seconds.
  path: Assets/Course Library/_Source_Files/FBX/SM_Icon_Skull_01.fbx
  artifactKey: Guid(170db210605ea844695dbbd5c2429940) Importer(2089858483,0ecaa5967403d082aa24f35e1b516d23)
Start importing Assets/Course Library/_Source_Files/FBX/SM_Icon_Skull_01.fbx using Guid(170db210605ea844695dbbd5c2429940) Importer(2089858483,0ecaa5967403d082aa24f35e1b516d23) [PhysX] Initialized MultithreadedTaskDispatcher with 2 workers.
 -> (artifact id: 'f0a537c891cdff18f4c399a426713f1c') in 0.113232 seconds
Number of updated asset objects reloaded before import = 0
Number of asset objects unloaded after import = 7
========================================================================
Received Import Request.
  Time since last request: 0.001230 seconds.
  path: Assets/Course Library/_Source_Files/FBX/SM_Prop_Steak_01.fbx
  artifactKey: Guid(c55426ee7a822ec4c8ceed2eb60a805e) Importer(2089858483,0ecaa5967403d082aa24f35e1b516d23)
Start importing Assets/Course Library/_Source_Files/FBX/SM_Prop_Steak_01.fbx using Guid(c55426ee7a822ec4c8ceed2eb60a805e) Importer(2089858483,0ecaa5967403d082aa24f35e1b516d23) [PhysX] Initialized MultithreadedTaskDispatcher with 2 workers.
 -> (artifact id: 'a1a8e37058693cadf640bba980caf7af') in 0.105488 seconds
Number of updated asset objects reloaded before import = 0
Number of asset objects unloaded after import = 7
========================================================================
Received Import Request.
  Time since last request: 0.000588 seconds.
  path: Assets/Course Library/Props/Balls/Ball_Eye.prefab
  artifactKey: Guid(9fd6919c6e21fed429290a0f10ca4548) Importer(2089858483,0ecaa5967403d082aa24f35e1b516d23)
Start importing Assets/Course Library/Props/Balls/Ball_Eye.prefab using Guid(9fd6919c6e21fed429290a0f10ca4548) Importer(2089858483,0ecaa5967403d082aa24f35e1b516d23) [PhysX] Initialized MultithreadedTaskDispatcher with 2 workers.
 -> (artifact id: 'f017c9f6ff9d52fe983b3bc4bfea6271') in 0.121061 seconds
Number of updated asset objects reloaded before import = 0
Number of asset objects unloaded after import = 7
========================================================================
Received Import Request.
  Time since last request: 0.000834 seconds.
  path: Assets/Course Library/Props/Balls/Ball_8Ball.prefab
  artifactKey: Guid(d4ee8d5ef71ec5a49b51381c8889bc09) Importer(2089858483,0ecaa5967403d082aa24f35e1b516d23)
Start importing Assets/Course Library/Props/Balls/Ball_8Ball.prefab using Guid(d4ee8d5ef71ec5a49b51381c8889bc09) Importer(2089858483,0ecaa5967403d082aa24f35e1b516d23) [PhysX] Initialized MultithreadedTaskDispatcher with 2 workers.
 -> (artifact id: 'd81e037f37ff6d575f139504dd89e905') in 0.098342 seconds
Number of updated asset objects reloaded before import = 0
Number of asset objects unloaded after import = 7
========================================================================
Received Import Request.
  Time since last request: 0.000546 seconds.
  path: Assets/Course Library/_Source_Files/Textures/SimpleItems.png
  artifactKey: Guid(38bd1ccdaa9721c4f9c197f3e9e6b9d3) Importer(2089858483,0ecaa5967403d082aa24f35e1b516d23)
Start importing Assets/Course Library/_Source_Files/Textures/SimpleItems.png using Guid(38bd1ccdaa9721c4f9c197f3e9e6b9d3) Importer(2089858483,0ecaa5967403d082aa24f35e1b516d23) [PhysX] Initialized MultithreadedTaskDispatcher with 2 workers.
 -> (artifact id: '4b57a3d6e54e7d85f3782980f2f853c0') in 0.073401 seconds
Number of updated asset objects reloaded before import = 0
Number of asset objects unloaded after import = 1
========================================================================
Received Import Request.
  Time since last request: 0.000420 seconds.
  path: Assets/Course Library/Props/Food/Food_EnergyCan_01.prefab
  artifactKey: Guid(f9125fa89572f1e40bb082978a85b951) Importer(2089858483,0ecaa5967403d082aa24f35e1b516d23)
Start importing Assets/Course Library/Props/Food/Food_EnergyCan_01.prefab using Guid(f9125fa89572f1e40bb082978a85b951) Importer(2089858483,0ecaa5967403d082aa24f35e1b516d23) [PhysX] Initialized MultithreadedTaskDispatcher with 2 workers.
 -> (artifact id: '1411a781f9e7993516835d8d0371809c') in 0.160703 seconds
Number of updated asset objects reloaded before import = 0
Number of asset objects unloaded after import = 7
========================================================================
Received Import Request.
  Time since last request: 0.000742 seconds.
  path: Assets/Course Library/_Source_Files/FBX/Ball_Nuclear.fbx
  artifactKey: Guid(06e5d0bec391fce41ba27efebe344bec) Importer(2089858483,0ecaa5967403d082aa24f35e1b516d23)
Start importing Assets/Course Library/_Source_Files/FBX/Ball_Nuclear.fbx using Guid(06e5d0bec391fce41ba27efebe344bec) Importer(2089858483,0ecaa5967403d082aa24f35e1b516d23) [PhysX] Initialized MultithreadedTaskDispatcher with 2 workers.
 -> (artifact id: '27ad166b62fd9cec426cc1b296099230') in 0.109427 seconds
Number of updated asset objects reloaded before import = 0
Number of asset objects unloaded after import = 7
========================================================================
Received Import Request.
  Time since last request: 0.000745 seconds.
  path: Assets/Course Library/_Source_Files/FBX/SI_MultiplierIcon.fbx
  artifactKey: Guid(7b2e43c7f0b75f54789417d03a4eb3cb) Importer(2089858483,0ecaa5967403d082aa24f35e1b516d23)
Start importing Assets/Course Library/_Source_Files/FBX/SI_MultiplierIcon.fbx using Guid(7b2e43c7f0b75f54789417d03a4eb3cb) Importer(2089858483,0ecaa5967403d082aa24f35e1b516d23) [PhysX] Initialized MultithreadedTaskDispatcher with 2 workers.
 -> (artifact id: 'b65cc93e26ca3479158563d80ebc2c3d') in 0.116625 seconds
Number of updated asset objects reloaded before import = 0
Number of asset objects unloaded after import = 7
========================================================================
Received Import Request.
  Time since last request: 0.001103 seconds.
  path: Assets/Course Library/_Source_Files/FBX/Ball_8Ball.fbx
  artifactKey: Guid(4f58056fda9cf524ea52df48785846d9) Importer(2089858483,0ecaa5967403d082aa24f35e1b516d23)
Start importing Assets/Course Library/_Source_Files/FBX/Ball_8Ball.fbx using Guid(4f58056fda9cf524ea52df48785846d9) Importer(2089858483,0ecaa5967403d082aa24f35e1b516d23) [PhysX] Initialized MultithreadedTaskDispatcher with 2 workers.
 -> (artifact id: '7b58f5841b3c955ba76ba100df07f21b') in 0.092257 seconds
Number of updated asset objects reloaded before import = 0
Number of asset objects unloaded after import = 7
========================================================================
Received Import Request.
  Time since last request: 0.000573 seconds.
  path: Assets/Course Library/_Source_Files/Materials/SimpleItems.mat
  artifactKey: Guid(dc043a9656f81bc488510dcda2b382ab) Importer(2089858483,0ecaa5967403d082aa24f35e1b516d23)
Start importing Assets/Course Library/_Source_Files/Materials/SimpleItems.mat using Guid(dc043a9656f81bc488510dcda2b382ab) Importer(2089858483,0ecaa5967403d082aa24f35e1b516d23) [PhysX] Initialized MultithreadedTaskDispatcher with 2 workers.
 -> (artifact id: '25c31b65e553ccec5ec0badbd68eaba2') in 0.049783 seconds
Number of updated asset objects reloaded before import = 0
Number of asset objects unloaded after import = 2
========================================================================
Received Import Request.
  Time since last request: 0.000571 seconds.
  path: Assets/Course Library/_Source_Files/Textures/PolygonPrototype_Texture_01.png
  artifactKey: Guid(86cb957541c7c8542a6306ffb82e6833) Importer(2089858483,0ecaa5967403d082aa24f35e1b516d23)
Start importing Assets/Course Library/_Source_Files/Textures/PolygonPrototype_Texture_01.png using Guid(86cb957541c7c8542a6306ffb82e6833) Importer(2089858483,0ecaa5967403d082aa24f35e1b516d23) [PhysX] Initialized MultithreadedTaskDispatcher with 2 workers.
 -> (artifact id: '5ea7e903fd0f4b9c845623c29173bbb7') in 0.090991 seconds
Number of updated asset objects reloaded before import = 0
Number of asset objects unloaded after import = 1
========================================================================
Received Import Request.
  Time since last request: 0.000582 seconds.
  path: Assets/TextMesh Pro/Resources/Fonts & Materials/LiberationSans SDF - Fallback.asset
  artifactKey: Guid(2e498d1c8094910479dc3e1b768306a4) Importer(2089858483,0ecaa5967403d082aa24f35e1b516d23)
Start importing Assets/TextMesh Pro/Resources/Fonts & Materials/LiberationSans SDF - Fallback.asset using Guid(2e498d1c8094910479dc3e1b768306a4) Importer(2089858483,0ecaa5967403d082aa24f35e1b516d23) [PhysX] Initialized MultithreadedTaskDispatcher with 2 workers.
 -> (artifact id: '0be4cc241296f846de3c7b61f2a6d2d1') in 0.150452 seconds
Number of updated asset objects reloaded before import = 0
Number of asset objects unloaded after import = 5
========================================================================
Received Import Request.
  Time since last request: 0.000959 seconds.
  path: Assets/TextMesh Pro/Resources/Style Sheets/Default Style Sheet.asset
  artifactKey: Guid(f952c082cb03451daed3ee968ac6c63e) Importer(2089858483,0ecaa5967403d082aa24f35e1b516d23)
Start importing Assets/TextMesh Pro/Resources/Style Sheets/Default Style Sheet.asset using Guid(f952c082cb03451daed3ee968ac6c63e) Importer(2089858483,0ecaa5967403d082aa24f35e1b516d23) [PhysX] Initialized MultithreadedTaskDispatcher with 2 workers.
 -> (artifact id: 'f468f4c7fc2f4eab70ce8a54bcc6054d') in 0.043194 seconds
Number of updated asset objects reloaded before import = 0
Number of asset objects unloaded after import = 1
========================================================================
Received Import Request.
  Time since last request: 0.000400 seconds.
  path: Assets/TextMesh Pro/Resources/Fonts & Materials/LiberationSans SDF.asset
  artifactKey: Guid(8f586378b4e144a9851e7b34d9b748ee) Importer(2089858483,0ecaa5967403d082aa24f35e1b516d23)
Start importing Assets/TextMesh Pro/Resources/Fonts & Materials/LiberationSans SDF.asset using Guid(8f586378b4e144a9851e7b34d9b748ee) Importer(2089858483,0ecaa5967403d082aa24f35e1b516d23) [PhysX] Initialized MultithreadedTaskDispatcher with 2 workers.
 -> (artifact id: '6a21d7649f0b3e4cf8e725ec2e81bd02') in 0.531293 seconds
Number of updated asset objects reloaded before import = 0
Number of asset objects unloaded after import = 8
========================================================================
Received Import Request.
  Time since last request: 0.001073 seconds.
  path: Assets/Course Library/_Source_Files/Textures/Textures_Props.png
  artifactKey: Guid(ac660800cea938a42ae8f2c5ea24539e) Importer(2089858483,0ecaa5967403d082aa24f35e1b516d23)
Start importing Assets/Course Library/_Source_Files/Textures/Textures_Props.png using Guid(ac660800cea938a42ae8f2c5ea24539e) Importer(2089858483,0ecaa5967403d082aa24f35e1b516d23) [PhysX] Initialized MultithreadedTaskDispatcher with 2 workers.
 -> (artifact id: 'a2d47b40c7a098c0ca8f8b8b5c3c5425') in 0.110329 seconds
Number of updated asset objects reloaded before import = 0
Number of asset objects unloaded after import = 1
========================================================================
Received Import Request.
  Time since last request: 0.000554 seconds.
  path: Assets/Course Library/Props/Food/Food_Bone_01.prefab
  artifactKey: Guid(1f17d257118ec324ca772c5b2bacbb14) Importer(2089858483,0ecaa5967403d082aa24f35e1b516d23)
Start importing Assets/Course Library/Props/Food/Food_Bone_01.prefab using Guid(1f17d257118ec324ca772c5b2bacbb14) Importer(2089858483,0ecaa5967403d082aa24f35e1b516d23) [PhysX] Initialized MultithreadedTaskDispatcher with 2 workers.
 -> (artifact id: 'a7988eac14768c92e54f20a83be45a87') in 0.116318 seconds
Number of updated asset objects reloaded before import = 0
Number of asset objects unloaded after import = 7
========================================================================
Received Import Request.
  Time since last request: 0.000636 seconds.
  path: Assets/Course Library/_Source_Files/FBX/Ball_Eye.fbx
  artifactKey: Guid(9279821004574e44d857d87b14b3f4b3) Importer(2089858483,0ecaa5967403d082aa24f35e1b516d23)
Start importing Assets/Course Library/_Source_Files/FBX/Ball_Eye.fbx using Guid(9279821004574e44d857d87b14b3f4b3) Importer(2089858483,0ecaa5967403d082aa24f35e1b516d23) [PhysX] Initialized MultithreadedTaskDispatcher with 2 workers.
 -> (artifact id: 'd1a8e280520373657d0adfe355d35a63') in 0.100040 seconds
Number of updated asset objects reloaded before import = 0
Number of asset objects unloaded after import = 7
========================================================================
Received Import Request.
  Time since last request: 0.000679 seconds.
  path: Assets/TextMesh Pro/Resources/Sprite Assets/EmojiOne.asset
  artifactKey: Guid(c41005c129ba4d66911b75229fd70b45) Importer(2089858483,0ecaa5967403d082aa24f35e1b516d23)
Start importing Assets/TextMesh Pro/Resources/Sprite Assets/EmojiOne.asset using Guid(c41005c129ba4d66911b75229fd70b45) Importer(2089858483,0ecaa5967403d082aa24f35e1b516d23) [PhysX] Initialized MultithreadedTaskDispatcher with 2 workers.
 -> (artifact id: '8b93ea2760d42e953dd91042ed7bb08b') in 0.065054 seconds
Number of updated asset objects reloaded before import = 0
Number of asset objects unloaded after import = 3
========================================================================
Received Import Request.
  Time since last request: 0.000367 seconds.
  path: Assets/Course Library/Props/Balls/Ball_Nuclear.prefab
  artifactKey: Guid(07cd57be5fe3a3a4082d14214f7c6ba1) Importer(2089858483,0ecaa5967403d082aa24f35e1b516d23)
Start importing Assets/Course Library/Props/Balls/Ball_Nuclear.prefab using Guid(07cd57be5fe3a3a4082d14214f7c6ba1) Importer(2089858483,0ecaa5967403d082aa24f35e1b516d23) [PhysX] Initialized MultithreadedTaskDispatcher with 2 workers.
 -> (artifact id: '8c6879e8350d4ee42420eca74c86b2ea') in 0.100543 seconds
Number of updated asset objects reloaded before import = 0
Number of asset objects unloaded after import = 7
========================================================================
Received Import Request.
  Time since last request: 0.000411 seconds.
  path: Assets/Course Library/_Source_Files/FBX/Items_Pizza_01.fbx
  artifactKey: Guid(0169642a95e8fce49b967cc4543bcdd8) Importer(2089858483,0ecaa5967403d082aa24f35e1b516d23)
Start importing Assets/Course Library/_Source_Files/FBX/Items_Pizza_01.fbx using Guid(0169642a95e8fce49b967cc4543bcdd8) Importer(2089858483,0ecaa5967403d082aa24f35e1b516d23) [PhysX] Initialized MultithreadedTaskDispatcher with 2 workers.
 -> (artifact id: 'be78f68f364ef378dc1dd3f659bd9054') in 0.149851 seconds
Number of updated asset objects reloaded before import = 0
Number of asset objects unloaded after import = 7
========================================================================
Received Import Request.
  Time since last request: 0.001883 seconds.
  path: Assets/Course Library/Props/Food/Food_Fish_Cooked.prefab
  artifactKey: Guid(245ebd2bf811d4f45a1d5dcd8c327131) Importer(2089858483,0ecaa5967403d082aa24f35e1b516d23)
Start importing Assets/Course Library/Props/Food/Food_Fish_Cooked.prefab using Guid(245ebd2bf811d4f45a1d5dcd8c327131) Importer(2089858483,0ecaa5967403d082aa24f35e1b516d23) [PhysX] Initialized MultithreadedTaskDispatcher with 2 workers.
 -> (artifact id: '5d30032cf0e421eedf8cd3dea904f8e6') in 0.114944 seconds
Number of updated asset objects reloaded before import = 0
Number of asset objects unloaded after import = 7
========================================================================
Received Import Request.
  Time since last request: 0.001779 seconds.
  path: Assets/Course Library/_Source_Files/FBX/SM_Prop_Bone_01.fbx
  artifactKey: Guid(828481e15b18a254c882f17660366d71) Importer(2089858483,0ecaa5967403d082aa24f35e1b516d23)
Start importing Assets/Course Library/_Source_Files/FBX/SM_Prop_Bone_01.fbx using Guid(828481e15b18a254c882f17660366d71) Importer(2089858483,0ecaa5967403d082aa24f35e1b516d23) [PhysX] Initialized MultithreadedTaskDispatcher with 2 workers.
 -> (artifact id: '9a75a64a6e8a2efac875e38c2eb40df8') in 0.080097 seconds
Number of updated asset objects reloaded before import = 0
Number of asset objects unloaded after import = 7
========================================================================
Received Import Request.
  Time since last request: 0.000644 seconds.
  path: Assets/Course Library/Props/Bad/SM_Prop_Bomb_01.prefab
  artifactKey: Guid(666ff701b211d6440b7bd44aa7b3abfa) Importer(2089858483,0ecaa5967403d082aa24f35e1b516d23)
Start importing Assets/Course Library/Props/Bad/SM_Prop_Bomb_01.prefab using Guid(666ff701b211d6440b7bd44aa7b3abfa) Importer(2089858483,0ecaa5967403d082aa24f35e1b516d23) [PhysX] Initialized MultithreadedTaskDispatcher with 2 workers.
 -> (artifact id: 'c636e4c6de91503d849a038937e36be6') in 0.107602 seconds
Number of updated asset objects reloaded before import = 0
Number of asset objects unloaded after import = 9
========================================================================
Received Import Request.
  Time since last request: 0.000668 seconds.
  path: Assets/Course Library/Props/Balls/Ball_Soccer_01.prefab
  artifactKey: Guid(c771dc487345feb4aa9946a24d7d7713) Importer(2089858483,0ecaa5967403d082aa24f35e1b516d23)
Start importing Assets/Course Library/Props/Balls/Ball_Soccer_01.prefab using Guid(c771dc487345feb4aa9946a24d7d7713) Importer(2089858483,0ecaa5967403d082aa24f35e1b516d23) [PhysX] Initialized MultithreadedTaskDispatcher with 2 workers.
 -> (artifact id: 'fe2b74acd875db8f56190f7a19bd36b6') in 0.100399 seconds
Number of updated asset objects reloaded before import = 0
Number of asset objects unloaded after import = 7
========================================================================
Received Import Request.
  Time since last request: 0.000425 seconds.
  path: Assets/Course Library/_Source_Files/FBX/SI_Food_Fish_Cooked.fbx
  artifactKey: Guid(85e4a8c480f09dc4183af326bee29e93) Importer(2089858483,0ecaa5967403d082aa24f35e1b516d23)
Start importing Assets/Course Library/_Source_Files/FBX/SI_Food_Fish_Cooked.fbx using Guid(85e4a8c480f09dc4183af326bee29e93) Importer(2089858483,0ecaa5967403d082aa24f35e1b516d23) [PhysX] Initialized MultithreadedTaskDispatcher with 2 workers.
 -> (artifact id: '3f52c5bfccffe696580fe683c774dd52') in 0.117536 seconds
Number of updated asset objects reloaded before import = 0
Number of asset objects unloaded after import = 7
========================================================================
Received Import Request.
  Time since last request: 0.001122 seconds.
  path: Assets/Course Library/_Source_Files/Materials/PolygonPrototype_Texture_01.mat
  artifactKey: Guid(41680dad0f0243748b4e228f49a2e3c4) Importer(2089858483,0ecaa5967403d082aa24f35e1b516d23)
Start importing Assets/Course Library/_Source_Files/Materials/PolygonPrototype_Texture_01.mat using Guid(41680dad0f0243748b4e228f49a2e3c4) Importer(2089858483,0ecaa5967403d082aa24f35e1b516d23) [PhysX] Initialized MultithreadedTaskDispatcher with 2 workers.
 -> (artifact id: '1efc752aa6c616f4d6dc8110e4d381fe') in 0.080774 seconds
Number of updated asset objects reloaded before import = 0
Number of asset objects unloaded after import = 2
========================================================================
Received Import Request.
  Time since last request: 0.000383 seconds.
  path: Assets/Course Library/_Source_Files/FBX/SI_Food_Organic_Apple_03.fbx
  artifactKey: Guid(6294bcc7efeb481429886b9604a08df6) Importer(2089858483,0ecaa5967403d082aa24f35e1b516d23)
Start importing Assets/Course Library/_Source_Files/FBX/SI_Food_Organic_Apple_03.fbx using Guid(6294bcc7efeb481429886b9604a08df6) Importer(2089858483,0ecaa5967403d082aa24f35e1b516d23) [PhysX] Initialized MultithreadedTaskDispatcher with 2 workers.
 -> (artifact id: 'f35bbafa04011425481ed39a733fe197') in 0.104549 seconds
Number of updated asset objects reloaded before import = 0
Number of asset objects unloaded after import = 7
========================================================================
Received Import Request.
  Time since last request: 0.000587 seconds.
  path: Assets/Course Library/_Source_Files/Materials/SumoBalls_Material.mat
  artifactKey: Guid(ae4ff49dfb4c229488b12d99e4b0e3fc) Importer(2089858483,0ecaa5967403d082aa24f35e1b516d23)
Start importing Assets/Course Library/_Source_Files/Materials/SumoBalls_Material.mat using Guid(ae4ff49dfb4c229488b12d99e4b0e3fc) Importer(2089858483,0ecaa5967403d082aa24f35e1b516d23) [PhysX] Initialized MultithreadedTaskDispatcher with 2 workers.
 -> (artifact id: 'b6e0e4a59490cd65be35de82f6292d37') in 0.100330 seconds
Number of updated asset objects reloaded before import = 0
Number of asset objects unloaded after import = 2
========================================================================
Received Import Request.
  Time since last request: 0.000570 seconds.
  path: Assets/Course Library/Props/Food/Food_Organic_Carrot.prefab
  artifactKey: Guid(bd519f706f8c5cf4dad9fed04ab5b64b) Importer(2089858483,0ecaa5967403d082aa24f35e1b516d23)
Start importing Assets/Course Library/Props/Food/Food_Organic_Carrot.prefab using Guid(bd519f706f8c5cf4dad9fed04ab5b64b) Importer(2089858483,0ecaa5967403d082aa24f35e1b516d23) [PhysX] Initialized MultithreadedTaskDispatcher with 2 workers.
 -> (artifact id: '76a54e9f02ff1ac19dcd7b7c70aa9292') in 0.077490 seconds
Number of updated asset objects reloaded before import = 0
Number of asset objects unloaded after import = 7
========================================================================
Received Import Request.
  Time since last request: 0.000562 seconds.
  path: Assets/Course Library/Props/Other/Barrel_02.prefab
  artifactKey: Guid(f750d5f061e724f4c827ab6b376e2550) Importer(2089858483,0ecaa5967403d082aa24f35e1b516d23)
Start importing Assets/Course Library/Props/Other/Barrel_02.prefab using Guid(f750d5f061e724f4c827ab6b376e2550) Importer(2089858483,0ecaa5967403d082aa24f35e1b516d23) [PhysX] Initialized MultithreadedTaskDispatcher with 2 workers.
 -> (artifact id: '05a3478b339d3f9d0838c00fc4e794e8') in 0.099924 seconds
Number of updated asset objects reloaded before import = 0
Number of asset objects unloaded after import = 7
========================================================================
Received Import Request.
  Time since last request: 0.000716 seconds.
  path: Assets/Course Library/Props/Balls/Ball_American_01.prefab
  artifactKey: Guid(dcdfdede07642ee44ad5cfe22399dc15) Importer(2089858483,0ecaa5967403d082aa24f35e1b516d23)
Start importing Assets/Course Library/Props/Balls/Ball_American_01.prefab using Guid(dcdfdede07642ee44ad5cfe22399dc15) Importer(2089858483,0ecaa5967403d082aa24f35e1b516d23) [PhysX] Initialized MultithreadedTaskDispatcher with 2 workers.
 -> (artifact id: '76444e03cc1335189632505b3f41bdbf') in 0.123822 seconds
Number of updated asset objects reloaded before import = 0
Number of asset objects unloaded after import = 7
========================================================================
Received Import Request.
  Time since last request: 0.000552 seconds.
  path: Assets/Course Library/Props/Other/Synty_Cube_01.prefab
  artifactKey: Guid(feddb6666a6474b4a80e6e7fc805f21f) Importer(2089858483,0ecaa5967403d082aa24f35e1b516d23)
Start importing Assets/Course Library/Props/Other/Synty_Cube_01.prefab using Guid(feddb6666a6474b4a80e6e7fc805f21f) Importer(2089858483,0ecaa5967403d082aa24f35e1b516d23) [PhysX] Initialized MultithreadedTaskDispatcher with 2 workers.
 -> (artifact id: '0217067c54933ac9be54a9d72f97d914') in 0.184848 seconds
Number of updated asset objects reloaded before import = 0
Number of asset objects unloaded after import = 7
========================================================================
Received Import Request.
  Time since last request: 0.002837 seconds.
  path: Assets/Course Library/Props/Other/Barrel_01.prefab
  artifactKey: Guid(95927758d3a4cef4ba6c4318f06876fd) Importer(2089858483,0ecaa5967403d082aa24f35e1b516d23)
Start importing Assets/Course Library/Props/Other/Barrel_01.prefab using Guid(95927758d3a4cef4ba6c4318f06876fd) Importer(2089858483,0ecaa5967403d082aa24f35e1b516d23) [PhysX] Initialized MultithreadedTaskDispatcher with 2 workers.
 -> (artifact id: '7595785f616971514591ebf8b18ff539') in 1.060077 seconds
Number of updated asset objects reloaded before import = 0
Number of asset objects unloaded after import = 7
========================================================================
Received Import Request.
  Time since last request: 0.006730 seconds.
  path: Assets/Course Library/_Source_Files/Textures/SimpleIcons_Texture.png
  artifactKey: Guid(3e3e7739c37f6df4a9ac958352bdd251) Importer(2089858483,0ecaa5967403d082aa24f35e1b516d23)
Start importing Assets/Course Library/_Source_Files/Textures/SimpleIcons_Texture.png using Guid(3e3e7739c37f6df4a9ac958352bdd251) Importer(2089858483,0ecaa5967403d082aa24f35e1b516d23) [PhysX] Initialized MultithreadedTaskDispatcher with 2 workers.
 -> (artifact id: 'c4b84176695d72b2543439df6a6bcc1c') in 0.075075 seconds
Number of updated asset objects reloaded before import = 0
Number of asset objects unloaded after import = 1
========================================================================
Received Import Request.
  Time since last request: 0.000625 seconds.
  path: Assets/Course Library/_Source_Files/FBX/SI_Food_Organic_Apple_01.fbx
  artifactKey: Guid(cf2656555a2f4904f94b09943e34400f) Importer(2089858483,0ecaa5967403d082aa24f35e1b516d23)
Start importing Assets/Course Library/_Source_Files/FBX/SI_Food_Organic_Apple_01.fbx using Guid(cf2656555a2f4904f94b09943e34400f) Importer(2089858483,0ecaa5967403d082aa24f35e1b516d23) [PhysX] Initialized MultithreadedTaskDispatcher with 2 workers.
 -> (artifact id: 'cbd3459299ef791fd9f8d7d8049d4a8d') in 0.132411 seconds
Number of updated asset objects reloaded before import = 0
Number of asset objects unloaded after import = 7
========================================================================
Received Import Request.
  Time since last request: 0.001110 seconds.
  path: Assets/Course Library/_Source_Files/FBX/Ball_Beachball.fbx
  artifactKey: Guid(24b9f0d9f28c60c44b9cc3b309700d3e) Importer(2089858483,0ecaa5967403d082aa24f35e1b516d23)
Start importing Assets/Course Library/_Source_Files/FBX/Ball_Beachball.fbx using Guid(24b9f0d9f28c60c44b9cc3b309700d3e) Importer(2089858483,0ecaa5967403d082aa24f35e1b516d23) [PhysX] Initialized MultithreadedTaskDispatcher with 2 workers.
 -> (artifact id: '0b8b76771c1fa11c02aa629c5c9e23f4') in 0.178211 seconds
Number of updated asset objects reloaded before import = 0
Number of asset objects unloaded after import = 7
========================================================================
Received Import Request.
  Time since last request: 0.000367 seconds.
  path: Assets/Course Library/Props/Food/Food_Organic_Apple_01.prefab
  artifactKey: Guid(c13306d1f1d9a1a489199ef77f9dba89) Importer(2089858483,0ecaa5967403d082aa24f35e1b516d23)
Start importing Assets/Course Library/Props/Food/Food_Organic_Apple_01.prefab using Guid(c13306d1f1d9a1a489199ef77f9dba89) Importer(2089858483,0ecaa5967403d082aa24f35e1b516d23) [PhysX] Initialized MultithreadedTaskDispatcher with 2 workers.
 -> (artifact id: 'e6d0efc0a513c9324a5f55a82b2b5f12') in 0.129274 seconds
Number of updated asset objects reloaded before import = 0
Number of asset objects unloaded after import = 7
========================================================================
Received Import Request.
  Time since last request: 0.008152 seconds.
  path: Assets/Course Library/_Source_Files/FBX/Items_EnergyCan_01.fbx
  artifactKey: Guid(6b10d5dd38b22314f932fba49fc26253) Importer(2089858483,0ecaa5967403d082aa24f35e1b516d23)
Start importing Assets/Course Library/_Source_Files/FBX/Items_EnergyCan_01.fbx using Guid(6b10d5dd38b22314f932fba49fc26253) Importer(2089858483,0ecaa5967403d082aa24f35e1b516d23) [PhysX] Initialized MultithreadedTaskDispatcher with 2 workers.
 -> (artifact id: 'd6335d3c9f01fb6a4e10de35934c8c12') in 0.096531 seconds
Number of updated asset objects reloaded before import = 0
Number of asset objects unloaded after import = 7
========================================================================
Received Import Request.
  Time since last request: 0.000519 seconds.
  path: Assets/Course Library/_Source_Files/FBX/SM_Item_Ball_American_01.fbx
  artifactKey: Guid(eba46a380450fdf458c93cbedb07ed96) Importer(2089858483,0ecaa5967403d082aa24f35e1b516d23)
Start importing Assets/Course Library/_Source_Files/FBX/SM_Item_Ball_American_01.fbx using Guid(eba46a380450fdf458c93cbedb07ed96) Importer(2089858483,0ecaa5967403d082aa24f35e1b516d23) [PhysX] Initialized MultithreadedTaskDispatcher with 2 workers.
 -> (artifact id: '9ff77b83119a70997fc5699117316018') in 0.522194 seconds
Number of updated asset objects reloaded before import = 0
Number of asset objects unloaded after import = 7
========================================================================
Received Import Request.
  Time since last request: 0.014695 seconds.
  path: Assets/Course Library/Props/Balls/Ball_Beachball.prefab
  artifactKey: Guid(d9532b099f8dfb045844414b0b707bb3) Importer(2089858483,0ecaa5967403d082aa24f35e1b516d23)
Start importing Assets/Course Library/Props/Balls/Ball_Beachball.prefab using Guid(d9532b099f8dfb045844414b0b707bb3) Importer(2089858483,0ecaa5967403d082aa24f35e1b516d23) [PhysX] Initialized MultithreadedTaskDispatcher with 2 workers.
 -> (artifact id: '319a41ad17b92dae6bf270b3b4cba509') in 0.117960 seconds
Number of updated asset objects reloaded before import = 0
Number of asset objects unloaded after import = 7
========================================================================
Received Import Request.
  Time since last request: 0.000440 seconds.
  path: Assets/Course Library/_Source_Files/Materials/SimpleDogs.mat
  artifactKey: Guid(5a3559dc71a3dee46a71f5627f48bb36) Importer(2089858483,0ecaa5967403d082aa24f35e1b516d23)
Start importing Assets/Course Library/_Source_Files/Materials/SimpleDogs.mat using Guid(5a3559dc71a3dee46a71f5627f48bb36) Importer(2089858483,0ecaa5967403d082aa24f35e1b516d23) [PhysX] Initialized MultithreadedTaskDispatcher with 2 workers.
 -> (artifact id: 'cb76f2584564a8fb8f78d73bc7bb67fb') in 0.101756 seconds
Number of updated asset objects reloaded before import = 0
Number of asset objects unloaded after import = 2
========================================================================
Received Import Request.
  Time since last request: 0.000417 seconds.
  path: Assets/Course Library/_Source_Files/FBX/SM_Prop_Synty_Cube_01.fbx
  artifactKey: Guid(6cfe01e70a444224f8eb725e2b22452d) Importer(2089858483,0ecaa5967403d082aa24f35e1b516d23)
Start importing Assets/Course Library/_Source_Files/FBX/SM_Prop_Synty_Cube_01.fbx using Guid(6cfe01e70a444224f8eb725e2b22452d) Importer(2089858483,0ecaa5967403d082aa24f35e1b516d23) [PhysX] Initialized MultithreadedTaskDispatcher with 2 workers.
 -> (artifact id: '111e95f5ed809e13ca5a1223842ead48') in 0.090450 seconds
Number of updated asset objects reloaded before import = 0
Number of asset objects unloaded after import = 7
========================================================================
Received Import Request.
  Time since last request: 0.002049 seconds.
  path: Assets/Course Library/Props/Food/Food_Pizza_01.prefab
  artifactKey: Guid(06cdf427476835b42837c1ca7f8cdbd1) Importer(2089858483,0ecaa5967403d082aa24f35e1b516d23)
Start importing Assets/Course Library/Props/Food/Food_Pizza_01.prefab using Guid(06cdf427476835b42837c1ca7f8cdbd1) Importer(2089858483,0ecaa5967403d082aa24f35e1b516d23) [PhysX] Initialized MultithreadedTaskDispatcher with 2 workers.
 -> (artifact id: '199dd78846ef42c9c8d38df7ef3a8e7a') in 0.100065 seconds
Number of updated asset objects reloaded before import = 0
Number of asset objects unloaded after import = 7
========================================================================
Received Import Request.
  Time since last request: 0.008214 seconds.
  path: Assets/Course Library/_Source_Files/SimpleFX/Materials/FX_Base.mat
  artifactKey: Guid(a0cec58fc32f482418596ffdf7c0d693) Importer(2089858483,0ecaa5967403d082aa24f35e1b516d23)
Start importing Assets/Course Library/_Source_Files/SimpleFX/Materials/FX_Base.mat using Guid(a0cec58fc32f482418596ffdf7c0d693) Importer(2089858483,0ecaa5967403d082aa24f35e1b516d23) [PhysX] Initialized MultithreadedTaskDispatcher with 2 workers.
 -> (artifact id: '34d42f947838b06f0d72edf99a78a1ff') in 0.044916 seconds
Number of updated asset objects reloaded before import = 0
Number of asset objects unloaded after import = 1
========================================================================
Received Import Request.
  Time since last request: 0.000981 seconds.
  path: Assets/Course Library/_Source_Files/FBX/SM_Prop_Crate_Question_01.fbx
  artifactKey: Guid(78bd0c4c873f8654197ff2905740f24f) Importer(2089858483,0ecaa5967403d082aa24f35e1b516d23)
Start importing Assets/Course Library/_Source_Files/FBX/SM_Prop_Crate_Question_01.fbx using Guid(78bd0c4c873f8654197ff2905740f24f) Importer(2089858483,0ecaa5967403d082aa24f35e1b516d23) [PhysX] Initialized MultithreadedTaskDispatcher with 2 workers.
 -> (artifact id: '4a0ade3bd572d67e1b8389f4001bab8c') in 2.285496 seconds
Number of updated asset objects reloaded before import = 0
Number of asset objects unloaded after import = 7
========================================================================
Received Import Request.
  Time since last request: 0.030633 seconds.
  path: Assets/Course Library/Props/Food/Food_Sandwich_01.prefab
  artifactKey: Guid(5b10c1fadcedc4347b929c94cb50d5d3) Importer(2089858483,0ecaa5967403d082aa24f35e1b516d23)
Start importing Assets/Course Library/Props/Food/Food_Sandwich_01.prefab using Guid(5b10c1fadcedc4347b929c94cb50d5d3) Importer(2089858483,0ecaa5967403d082aa24f35e1b516d23) [PhysX] Initialized MultithreadedTaskDispatcher with 2 workers.
 -> (artifact id: 'ec0807f8440c1b6c5561b56f3a24eb21') in 1.085730 seconds
Number of updated asset objects reloaded before import = 0
Number of asset objects unloaded after import = 7
========================================================================
Received Prepare
Refreshing native plugins compatible for Editor in 23.07 ms, found 3 plugins.
Preloading 0 native plugins for Editor in 0.00 ms.
Unloading 0 Unused Serialized files (Serialized files now loaded: 0)
Unloading 1 unused Assets / (0.9 KB). Loaded Objects now: 3663.
Memory consumption went from 76.9 MB to 76.9 MB.
Total: 15.458400 ms (FindLiveObjects: 0.626900 ms CreateObjectMapping: 0.543000 ms MarkObjects: 14.189400 ms  DeleteObjects: 0.095600 ms)

Prepare: number of updated asset objects reloaded= 0
AssetImportParameters requested are different than current active one (requested -> active):
  custom:container-demuxer-ogg: 62fdf1f143b41e24485cea50d1cbac27 -> 
  custom:video-decoder-ogg-theora: a1e56fd34408186e4bbccfd4996cb3dc -> 
  custom:framework-win-MediaFoundation: 216162199b28c13a410421893ffa2e32 -> 
  custom:CustomObjectIndexerAttribute: 9a22284fe3817be447336de3de66b15e -> 
  custom:container-demuxer-webm: 4f35f7cbe854078d1ac9338744f61a02 -> 
  custom:container-muxer-webm: aa71ff27fc2769a1b78a27578f13a17b -> 
  custom:video-decoder-webm-vp8: 9c59270c3fd7afecdb556c50c9e8de78 -> 
  custom:SearchIndexIgnoredProperties: e643bd26f0fe6173181afceb89e7c659 -> 
  custom:AudioImporter_EditorPlatform: d09bf68614088b80899f8185d706f6e7 -> 
  custom:video-encoder-webm-vp8: eb34c28f22e8b96e1ab97ce403110664 -> 
  custom:audio-decoder-ogg-vorbis: bf7c407c2cedff20999df2af8eb42d56 -> 
  custom:audio-encoder-webm-vorbis: bf7c407c2cedff20999df2af8eb42d56 -> 
========================================================================
Received Prepare
Refreshing native plugins compatible for Editor in 16.87 ms, found 3 plugins.
Preloading 0 native plugins for Editor in 0.00 ms.
Unloading 1 Unused Serialized files (Serialized files now loaded: 0)
Unloading 1 unused Assets / (3.1 KB). Loaded Objects now: 3663.
Memory consumption went from 77.1 MB to 77.1 MB.
Total: 11.794600 ms (FindLiveObjects: 0.599300 ms CreateObjectMapping: 0.304300 ms MarkObjects: 10.838300 ms  DeleteObjects: 0.050200 ms)

Prepare: number of updated asset objects reloaded= 0
AssetImportParameters requested are different than current active one (requested -> active):
  custom:container-demuxer-ogg: 62fdf1f143b41e24485cea50d1cbac27 -> 
  custom:video-decoder-ogg-theora: a1e56fd34408186e4bbccfd4996cb3dc -> 
  custom:framework-win-MediaFoundation: 216162199b28c13a410421893ffa2e32 -> 
  custom:CustomObjectIndexerAttribute: 9a22284fe3817be447336de3de66b15e -> 
  custom:container-demuxer-webm: 4f35f7cbe854078d1ac9338744f61a02 -> 
  custom:container-muxer-webm: aa71ff27fc2769a1b78a27578f13a17b -> 
  custom:video-decoder-webm-vp8: 9c59270c3fd7afecdb556c50c9e8de78 -> 
  custom:SearchIndexIgnoredProperties: e643bd26f0fe6173181afceb89e7c659 -> 
  custom:AudioImporter_EditorPlatform: d09bf68614088b80899f8185d706f6e7 -> 
  custom:video-encoder-webm-vp8: eb34c28f22e8b96e1ab97ce403110664 -> 
  custom:audio-decoder-ogg-vorbis: bf7c407c2cedff20999df2af8eb42d56 -> 
  custom:audio-encoder-webm-vorbis: bf7c407c2cedff20999df2af8eb42d56 -> 
========================================================================
Received Import Request.
  Time since last request: 641.718116 seconds.
  path: Assets/Course Library/_Source_Files/Textures/Emissive_01.png
  artifactKey: Guid(ed8c76cfaa7f4f04da86bd288543e61c) Importer(815301076,1909f56bfc062723c751e8b465ee728b)
Start importing Assets/Course Library/_Source_Files/Textures/Emissive_01.png using Guid(ed8c76cfaa7f4f04da86bd288543e61c) Importer(815301076,1909f56bfc062723c751e8b465ee728b) [PhysX] Initialized MultithreadedTaskDispatcher with 2 workers.
[PhysX] Initialized MultithreadedTaskDispatcher with 2 workers.
 -> (artifact id: '0222d7245b8aa4ffa9a6fea5e50fbfa8') in 15.617181 seconds
Number of updated asset objects reloaded before import = 0
Number of asset objects unloaded after import = 2
========================================================================
Received Import Request.
  Time since last request: 5.863828 seconds.
  path: Assets/TextMesh Pro/Sprites/EmojiOne.png
  artifactKey: Guid(dffef66376be4fa480fb02b19edbe903) Importer(815301076,1909f56bfc062723c751e8b465ee728b)
Start importing Assets/TextMesh Pro/Sprites/EmojiOne.png using Guid(dffef66376be4fa480fb02b19edbe903) Importer(815301076,1909f56bfc062723c751e8b465ee728b) [PhysX] Initialized MultithreadedTaskDispatcher with 2 workers.
[PhysX] Initialized MultithreadedTaskDispatcher with 2 workers.
 -> (artifact id: '98c4e8642648371ad5a2bd8a12421e8f') in 14.290972 seconds
Number of updated asset objects reloaded before import = 0
Number of asset objects unloaded after import = 2
========================================================================
Received Prepare
Caller must complete domain reload
Begin MonoManager ReloadAssembly
- Loaded All Assemblies, in  2.789 seconds
Native extension for WindowsStandalone target not found
Native extension for WebGL target not found
Mono: successfully reloaded assembly
- Finished resetting the current domain, in  4.662 seconds
Domain Reload Profiling: 7435ms
	BeginReloadAssembly (877ms)
		ExecutionOrderSort (0ms)
		DisableScriptedObjects (17ms)
		BackupInstance (0ms)
		ReleaseScriptingObjects (0ms)
		CreateAndSetChildDomain (220ms)
	RebuildCommonClasses (150ms)
	RebuildNativeTypeToScriptingClass (53ms)
	initialDomainReloadingComplete (152ms)
	LoadAllAssembliesAndSetupDomain (1541ms)
		LoadAssemblies (1791ms)
		RebuildTransferFunctionScriptingTraits (0ms)
		AnalyzeDomain (301ms)
			TypeCache.Refresh (231ms)
				TypeCache.ScanAssembly (202ms)
			ScanForSourceGeneratedMonoScriptInfo (45ms)
			ResolveRequiredComponents (21ms)
	FinalizeReload (4663ms)
		ReleaseScriptCaches (0ms)
		RebuildScriptCaches (0ms)
		SetupLoadedEditorAssemblies (1612ms)
			LogAssemblyErrors (0ms)
			InitializePlatformSupportModulesInManaged (48ms)
			SetLoadedEditorAssemblies (19ms)
			RefreshPlugins (0ms)
			BeforeProcessingInitializeOnLoad (238ms)
			ProcessInitializeOnLoadAttributes (1212ms)
			ProcessInitializeOnLoadMethodAttributes (66ms)
			AfterProcessingInitializeOnLoad (29ms)
			EditorAssembliesLoaded (0ms)
		ExecutionOrderSort2 (0ms)
		AwakeInstancesAfterBackupRestoration (21ms)
Refreshing native plugins compatible for Editor in 15.94 ms, found 3 plugins.
Preloading 0 native plugins for Editor in 0.00 ms.
Unloading 3121 Unused Serialized files (Serialized files now loaded: 0)
Unloading 14 unused Assets / (28.6 KB). Loaded Objects now: 3665.
Memory consumption went from 124.0 MB to 124.0 MB.
Total: 14.428800 ms (FindLiveObjects: 0.717800 ms CreateObjectMapping: 1.773800 ms MarkObjects: 11.676500 ms  DeleteObjects: 0.257800 ms)

Prepare: number of updated asset objects reloaded= 0
AssetImportParameters requested are different than current active one (requested -> active):
  custom:container-demuxer-ogg: 62fdf1f143b41e24485cea50d1cbac27 -> 
  custom:video-decoder-ogg-theora: a1e56fd34408186e4bbccfd4996cb3dc -> 
  custom:framework-win-MediaFoundation: 216162199b28c13a410421893ffa2e32 -> 
  custom:CustomObjectIndexerAttribute: 9a22284fe3817be447336de3de66b15e -> 
  custom:container-demuxer-webm: 4f35f7cbe854078d1ac9338744f61a02 -> 
  custom:container-muxer-webm: aa71ff27fc2769a1b78a27578f13a17b -> 
  custom:video-decoder-webm-vp8: 9c59270c3fd7afecdb556c50c9e8de78 -> 
  custom:SearchIndexIgnoredProperties: e643bd26f0fe6173181afceb89e7c659 -> 
  custom:AudioImporter_EditorPlatform: d09bf68614088b80899f8185d706f6e7 -> 
  custom:video-encoder-webm-vp8: eb34c28f22e8b96e1ab97ce403110664 -> 
  custom:audio-decoder-ogg-vorbis: bf7c407c2cedff20999df2af8eb42d56 -> 
  custom:audio-encoder-webm-vorbis: bf7c407c2cedff20999df2af8eb42d56 -> 
========================================================================
Received Prepare
Refreshing native plugins compatible for Editor in 24.31 ms, found 3 plugins.
Preloading 0 native plugins for Editor in 0.00 ms.
Unloading 1 Unused Serialized files (Serialized files now loaded: 0)
Unloading 1 unused Assets / (4.8 KB). Loaded Objects now: 3665.
Memory consumption went from 75.9 MB to 75.9 MB.
Total: 9.131000 ms (FindLiveObjects: 0.489600 ms CreateObjectMapping: 0.627300 ms MarkObjects: 7.883900 ms  DeleteObjects: 0.127300 ms)

Prepare: number of updated asset objects reloaded= 0
AssetImportParameters requested are different than current active one (requested -> active):
  custom:container-demuxer-ogg: 62fdf1f143b41e24485cea50d1cbac27 -> 
  custom:video-decoder-ogg-theora: a1e56fd34408186e4bbccfd4996cb3dc -> 
  custom:framework-win-MediaFoundation: 216162199b28c13a410421893ffa2e32 -> 
  custom:CustomObjectIndexerAttribute: 9a22284fe3817be447336de3de66b15e -> 
  custom:container-demuxer-webm: 4f35f7cbe854078d1ac9338744f61a02 -> 
  custom:container-muxer-webm: aa71ff27fc2769a1b78a27578f13a17b -> 
  custom:video-decoder-webm-vp8: 9c59270c3fd7afecdb556c50c9e8de78 -> 
  custom:SearchIndexIgnoredProperties: e643bd26f0fe6173181afceb89e7c659 -> 
  custom:AudioImporter_EditorPlatform: d09bf68614088b80899f8185d706f6e7 -> 
  custom:video-encoder-webm-vp8: eb34c28f22e8b96e1ab97ce403110664 -> 
  custom:audio-decoder-ogg-vorbis: bf7c407c2cedff20999df2af8eb42d56 -> 
  custom:audio-encoder-webm-vorbis: bf7c407c2cedff20999df2af8eb42d56 -> 
